gene_id	T0_rep1	T0_rep2	T0_rep3	T1_rep1	T1_rep2	T1_rep3	T2_rep1	T2_rep2	T2_rep3	T4_rep1	T4_rep2	T4_rep3
Gene00001	175	134	124	74	54	103	108	58	107	57	40	74
Gene00002	56	40	84	94	86	80	96	63	83	47	57	55
Gene00003	11	3	9	11	11	3	17	9	10	6	11	11
Gene00004	172	172	163	107	169	69	72	30	112	158	128	165
Gene00005	47	42	65	36	54	44	28	17	28	21	14	12
Gene00006	63	53	56	147	130	239	259	150	244	48	55	69
Gene00007	88	176	156	50	100	67	77	34	61	61	104	88
Gene00008	20	31	25	80	118	77	134	116	173	27	78	29
Gene00009	36	66	43	29	56	51	52	22	41	42	46	41
Gene00010	17	23	18	16	32	42	35	48	61	62	63	73
Gene00011	16	13	21	11	13	8	7	8	7	8	12	10
Gene00012	31	51	37	42	108	43	58	48	90	49	55	140
Gene00013	27	17	23	18	22	21	26	17	33	14	26	18
Gene00014	169	164	150	86	119	108	82	95	90	48	64	82
Gene00015	205	72	197	92	55	133	94	30	40	30	30	66
Gene00016	83	135	113	87	92	113	161	172	188	119	166	190
Gene00017	129	99	90	72	92	50	50	43	43	27	32	30
Gene00018	12	29	15	17	8	8	34	14	15	12	14	18
Gene00019	33	50	28	42	31	53	112	58	57	96	84	112
Gene00020	7	9	8	2	5	8	9	5	10	4	11	6
Gene00021	27	55	49	18	36	22	46	27	60	38	37	34
Gene00022	211	263	288	126	157	127	61	75	169	78	50	126
Gene00023	440	381	293	195	175	291	324	190	145	160	106	177
Gene00024	18	63	38	56	97	65	81	80	152	206	190	109
Gene00025	26	43	75	31	26	35	16	15	13	34	18	17
Gene00026	36	33	31	34	51	36	39	44	42	39	45	50
Gene00027	22	20	32	16	28	39	27	7	37	39	33	18
Gene00028	28	40	39	66	77	119	92	128	125	59	51	38
Gene00029	43	21	69	15	26	22	16	17	7	27	21	37
Gene00030	12	16	25	20	19	20	28	13	15	40	28	39
Gene00031	19	34	26	36	53	58	82	41	76	142	111	132
Gene00032	39	31	29	33	31	74	88	62	70	163	52	79
Gene00033	75	80	149	68	88	67	89	51	95	106	85	93
Gene00034	37	23	68	133	179	139	161	146	257	82	68	86
Gene00035	29	27	46	11	17	9	12	17	20	11	10	7
Gene00036	19	26	31	44	75	51	69	81	80	25	25	28
Gene00037	13	24	22	10	23	12	28	12	26	15	21	16
Gene00038	162	147	105	56	104	96	87	71	82	46	34	32
Gene00039	35	32	49	42	48	52	81	32	57	117	112	112
Gene00040	36	54	31	73	81	69	76	57	100	229	115	93
Gene00041	16	15	15	47	50	37	21	30	39	17	11	16
Gene00042	29	12	13	18	16	25	36	2	26	9	17	21
Gene00043	192	73	196	264	308	164	403	87	289	411	650	427
Gene00044	108	57	61	122	72	162	99	57	161	92	44	71
Gene00045	52	50	46	40	45	36	46	40	46	52	33	46
Gene00046	48	63	58	44	65	74	98	39	67	39	31	82
Gene00047	85	58	87	60	27	29	61	37	124	50	39	52
Gene00048	12	25	15	20	22	34	54	55	33	67	62	74
Gene00049	32	26	33	21	41	30	30	11	18	32	17	22
Gene00050	117	121	132	42	84	82	40	38	75	61	32	29
Gene00051	104	109	99	67	63	102	90	27	54	79	98	83
Gene00052	61	49	53	85	131	85	189	84	175	141	302	210
Gene00053	37	18	11	28	104	23	79	55	70	118	118	114
Gene00054	52	44	37	77	88	73	103	95	69	189	114	149
Gene00055	40	36	76	40	49	25	39	30	56	56	34	25
Gene00056	10	12	14	12	13	10	14	16	12	13	8	2
Gene00057	11	15	22	6	8	15	11	4	3	11	3	1
Gene00058	74	96	67	260	178	309	498	182	423	117	58	120
Gene00059	23	24	13	22	31	22	20	10	46	44	19	31
Gene00060	47	77	96	36	41	128	50	47	48	42	46	36
Gene00061	131	84	104	100	74	113	65	86	111	113	116	119
Gene00062	76	47	63	67	98	44	60	42	59	93	44	57
Gene00063	37	28	11	23	51	40	89	45	26	20	15	19
Gene00064	60	50	59	44	63	45	28	22	26	29	30	57
Gene00065	474	340	475	190	394	276	207	171	233	140	126	131
Gene00066	116	56	111	92	141	111	200	93	137	84	118	117
Gene00067	97	69	96	29	147	66	65	129	90	62	88	96
Gene00068	175	182	279	93	165	194	92	77	127	85	72	58
Gene00069	68	59	98	61	111	74	82	55	75	50	55	56
Gene00070	249	271	244	121	120	171	83	93	163	87	70	78
Gene00071	86	53	108	44	82	45	101	139	76	48	24	132
Gene00072	25	30	35	23	40	23	41	25	34	25	28	29
Gene00073	43	36	51	29	20	54	41	54	44	35	30	37
Gene00074	187	131	99	115	135	122	176	129	124	117	96	145
Gene00075	191	240	296	174	299	292	363	294	348	471	251	843
Gene00076	30	30	33	25	20	38	29	39	114	81	45	28
Gene00077	18	24	21	15	29	28	31	16	22	15	38	24
Gene00078	17	23	23	16	18	25	30	15	19	14	20	18
Gene00079	22	33	30	25	17	86	13	19	24	30	36	48
Gene00080	62	20	37	29	55	20	86	65	140	76	164	119
Gene00081	82	52	111	40	58	59	30	33	34	20	34	25
Gene00082	109	91	140	342	366	400	469	276	428	162	136	106
Gene00083	165	248	195	187	193	335	635	427	352	945	404	574
Gene00084	19	15	22	15	20	15	17	11	19	15	24	17
Gene00085	23	14	20	33	30	49	66	43	69	13	9	12
Gene00086	20	16	9	18	13	11	23	16	15	6	25	31
Gene00087	15	14	22	16	19	11	30	13	12	18	12	15
Gene00088	79	135	168	339	347	173	518	371	369	202	135	196
Gene00089	39	36	53	33	45	34	38	36	31	5	19	18
Gene00090	22	13	21	18	31	21	51	29	62	56	57	37
Gene00091	44	63	51	141	159	105	321	164	237	98	82	57
Gene00092	21	13	32	10	28	22	38	21	29	43	8	44
Gene00093	28	34	68	181	155	121	294	195	382	88	46	79
Gene00094	39	36	49	37	49	42	37	25	21	40	58	57
Gene00095	97	139	105	75	126	110	183	142	145	204	281	263
Gene00096	496	307	234	201	332	168	174	153	117	209	127	112
Gene00097	48	49	84	39	40	63	16	21	36	71	33	68
Gene00098	191	167	116	196	129	87	85	81	50	230	162	157
Gene00099	183	108	118	89	114	85	127	103	129	156	142	139
Gene00100	13	17	14	19	34	32	33	37	25	62	28	77
Gene00101	16	25	28	13	26	21	41	38	42	75	32	100
Gene00102	66	36	59	145	163	142	353	197	239	83	54	70
Gene00103	43	56	17	43	25	73	42	44	51	38	29	20
Gene00104	45	76	75	84	75	61	157	98	126	216	114	226
Gene00105	11	3	13	17	28	25	41	17	63	32	26	59
Gene00106	199	196	175	279	268	221	312	354	591	355	552	632
Gene00107	52	66	52	81	62	44	110	50	40	66	45	51
Gene00108	60	54	50	70	130	106	85	114	146	177	145	157
Gene00109	83	79	88	64	86	57	35	52	37	68	75	79
Gene00110	48	13	53	68	57	25	265	67	114	217	85	121
Gene00111	11	16	10	14	9	16	24	13	21	48	23	41
Gene00112	13	19	14	9	21	15	29	12	10	15	18	14
Gene00113	44	22	22	33	23	28	15	18	21	24	40	20
Gene00114	29	42	51	62	61	74	85	89	105	183	105	129
Gene00115	44	30	59	54	34	38	49	32	45	58	58	49
Gene00116	152	76	131	107	150	162	166	102	97	112	139	143
Gene00117	17	19	30	31	44	10	49	39	51	81	44	62
Gene00118	107	86	126	134	185	177	769	692	624	127	160	138
Gene00119	4	2	2	10	24	18	14	8	15	6	7	9
Gene00120	45	31	57	55	34	22	14	9	19	41	31	65
Gene00121	22	57	17	24	38	35	16	12	21	17	23	37
Gene00122	46	49	32	35	81	81	69	77	94	135	80	169
Gene00123	32	23	38	29	44	59	47	34	70	18	39	45
Gene00124	45	27	33	16	45	36	18	15	18	15	22	18
Gene00125	111	102	164	55	77	80	46	46	48	37	32	28
Gene00126	97	62	45	114	104	70	128	102	136	215	250	237
Gene00127	35	33	32	25	35	29	45	32	50	32	40	30
Gene00128	13	12	9	22	40	15	14	32	31	16	24	19
Gene00129	557	905	1006	413	388	607	510	382	255	213	157	123
Gene00130	81	85	113	39	90	55	79	51	63	39	35	49
Gene00131	54	68	81	193	199	196	288	308	505	117	81	97
Gene00132	50	56	117	116	101	137	192	164	113	200	161	284
Gene00133	21	23	41	66	39	97	86	71	103	36	37	30
Gene00134	45	57	82	90	139	111	265	147	224	41	71	30
Gene00135	226	230	305	196	192	222	143	121	235	76	90	77
Gene00136	19	13	18	35	29	39	27	28	38	75	60	48
Gene00137	317	249	364	105	196	252	176	156	171	101	56	132
Gene00138	12	21	10	4	15	24	67	52	43	67	48	55
Gene00139	41	34	59	23	45	25	24	19	15	42	28	37
Gene00140	24	17	29	28	19	18	48	41	27	51	40	59
Gene00141	16	9	17	19	25	8	27	39	39	43	39	36
Gene00142	31	51	21	41	81	49	73	65	88	97	54	149
Gene00143	70	52	87	82	87	102	288	119	150	199	272	227
Gene00144	26	23	29	37	44	63	42	38	21	37	23	37
Gene00145	33	59	66	67	62	58	62	39	98	96	112	187
Gene00146	275	326	242	306	366	217	324	234	437	308	208	197
Gene00147	45	66	47	56	89	49	98	66	88	132	119	182
Gene00148	43	24	26	35	56	57	93	27	95	89	83	95
Gene00149	13	11	8	8	13	17	30	14	32	40	16	43
Gene00150	41	52	43	42	56	66	85	140	89	109	116	136
Gene00151	76	90	123	102	97	118	229	150	238	278	269	141
Gene00152	76	19	55	39	93	43	45	27	36	30	23	38
Gene00153	18	22	36	32	53	31	38	23	32	19	29	31
Gene00154	21	19	21	7	8	12	13	10	10	2	8	4
Gene00155	21	17	23	38	37	40	48	53	38	60	68	52
Gene00156	117	87	134	110	106	76	108	46	107	87	50	52
Gene00157	64	49	66	27	48	95	64	47	34	13	14	24
Gene00158	16	23	26	18	15	17	15	39	25	32	26	20
Gene00159	13	8	20	47	57	39	61	69	59	14	26	21
Gene00160	22	17	26	38	60	52	85	24	93	116	48	79
Gene00161	81	126	117	56	80	58	36	33	39	135	92	120
Gene00162	52	29	66	128	69	67	242	118	108	204	119	137
Gene00163	72	96	88	51	46	47	42	43	26	28	22	31
Gene00164	33	38	32	36	29	61	55	36	57	56	33	34
Gene00165	44	35	26	23	14	32	35	22	35	23	25	25
Gene00166	81	72	79	98	92	113	201	151	122	144	276	240
Gene00167	33	34	40	43	54	60	62	41	69	42	43	45
Gene00168	88	108	116	67	84	125	111	48	107	95	101	122
Gene00169	37	32	36	44	33	39	29	35	23	39	23	58
Gene00170	68	33	48	41	68	58	68	48	54	31	26	74
Gene00171	30	17	40	19	21	14	21	10	20	34	16	19
Gene00172	105	118	140	80	86	77	65	48	66	51	35	33
Gene00173	74	62	18	55	54	46	90	15	96	54	54	83
Gene00174	116	93	142	69	69	46	34	29	35	103	82	131
Gene00175	55	108	102	168	207	219	427	233	290	164	81	100
Gene00176	142	178	182	85	187	150	105	82	94	81	59	70
Gene00177	7	13	14	6	17	5	12	9	24	25	19	11
Gene00178	38	23	37	33	41	57	80	53	114	76	84	131
Gene00179	4	30	33	13	18	16	13	14	12	11	20	24
Gene00180	41	51	33	77	106	96	202	175	207	70	33	45
Gene00181	23	35	58	30	77	31	104	63	71	59	88	148
Gene00182	207	216	255	113	167	193	223	121	265	219	226	261
Gene00183	27	23	31	43	27	52	42	32	39	32	17	34
Gene00184	22	19	17	30	29	34	32	22	27	15	33	11
Gene00185	11	9	7	20	18	14	29	22	27	25	35	32
Gene00186	6	16	13	8	24	11	7	24	10	12	19	23
Gene00187	13	14	12	22	19	31	38	36	43	44	50	59
Gene00188	59	42	94	35	31	57	25	40	52	74	31	43
Gene00189	209	181	180	140	93	182	78	89	94	83	103	73
Gene00190	34	56	35	47	49	80	82	52	86	156	101	142
Gene00191	105	112	90	79	91	73	80	52	60	48	33	40
Gene00192	30	30	27	37	47	26	31	25	34	37	29	15
Gene00193	63	159	129	419	523	270	302	314	300	395	85	154
Gene00194	9	51	52	28	38	20	19	26	35	46	31	39
Gene00195	22	11	10	28	15	15	29	35	24	28	22	34
Gene00196	69	75	70	64	61	63	23	22	31	87	54	63
Gene00197	53	56	67	49	53	49	37	37	48	36	38	50
Gene00198	70	23	92	57	68	42	64	36	62	105	45	70
Gene00199	49	88	80	61	47	61	32	24	50	96	43	65
Gene00200	160	125	248	69	157	95	86	110	123	56	25	57
Gene00201	231	121	299	116	172	112	89	74	141	86	89	66
Gene00202	13	22	56	31	13	18	19	16	8	13	7	13
Gene00203	85	94	80	130	116	68	224	106	302	123	297	237
Gene00204	94	81	79	72	83	120	114	67	97	88	80	65
Gene00205	59	83	126	114	338	189	328	289	349	73	28	156
Gene00206	88	185	112	126	199	196	252	149	123	150	121	161
Gene00207	19	12	18	10	28	15	21	10	22	21	32	24
Gene00208	14	24	15	9	7	12	11	11	11	17	5	12
Gene00209	63	142	60	214	272	205	505	285	139	119	148	91
Gene00210	8	7	20	11	4	27	20	11	12	4	9	14
Gene00211	38	63	65	23	21	28	20	26	25	63	29	42
Gene00212	32	59	63	32	44	54	25	17	17	26	21	26
Gene00213	142	99	86	56	58	53	66	27	38	27	33	26
Gene00214	97	39	76	124	146	134	252	217	215	55	79	95
Gene00215	52	60	79	83	91	65	103	47	69	107	87	84
Gene00216	26	32	57	52	56	59	35	25	38	72	45	73
Gene00217	213	188	301	237	213	244	218	234	187	172	216	225
Gene00218	50	40	64	62	61	66	69	40	41	56	36	83
Gene00219	27	26	42	35	41	40	52	31	19	34	36	39
Gene00220	149	180	157	475	320	362	548	702	728	104	223	145
Gene00221	205	201	189	156	177	202	133	76	107	74	67	108
Gene00222	60	29	30	53	95	63	49	56	84	65	66	46
Gene00223	61	46	67	139	230	197	383	190	317	102	99	74
Gene00224	37	58	50	23	54	29	54	27	66	41	48	58
Gene00225	60	70	80	35	44	46	50	26	35	46	47	46
Gene00226	35	28	42	61	73	73	177	83	124	37	38	40
Gene00227	80	43	86	94	105	91	151	242	112	297	202	141
Gene00228	37	42	46	51	29	32	25	26	25	16	38	35
Gene00229	159	178	127	70	111	168	68	85	97	34	54	41
Gene00230	23	25	33	42	61	30	92	65	46	97	83	118
Gene00231	24	19	24	15	13	14	21	9	18	12	14	23
Gene00232	143	97	87	76	107	74	51	45	78	47	35	40
Gene00233	27	41	48	48	52	55	80	52	56	71	40	54
Gene00234	12	5	7	20	18	19	41	38	30	7	8	5
Gene00235	27	26	35	24	42	23	19	8	25	23	11	20
Gene00236	183	128	141	46	87	55	59	64	57	67	43	15
Gene00237	37	61	55	44	72	33	95	70	55	124	109	132
Gene00238	41	45	61	65	81	60	127	73	73	217	132	157
Gene00239	2	42	16	80	61	29	65	74	92	40	31	14
Gene00240	39	33	29	33	21	41	54	45	51	35	36	44
Gene00241	52	62	71	40	65	59	42	25	34	19	28	22
Gene00242	8	28	19	11	38	15	11	14	16	7	15	38
Gene00243	91	185	135	106	91	127	155	141	187	190	57	156
Gene00244	181	74	163	80	93	63	101	32	19	44	84	68
Gene00245	61	40	33	54	114	85	190	128	109	55	42	36
Gene00246	65	72	59	112	51	50	123	66	78	131	104	104
Gene00247	117	110	75	60	151	108	143	130	77	57	79	77
Gene00248	49	44	41	51	92	45	161	79	139	190	101	197
Gene00249	283	332	427	240	312	292	274	136	252	102	159	131
Gene00250	40	32	60	37	51	53	84	33	105	229	113	86
Gene00251	38	54	50	52	66	77	72	39	53	62	75	70
Gene00252	254	382	368	482	723	706	798	892	676	463	938	916
Gene00253	250	227	184	117	117	114	106	87	140	254	181	187
Gene00254	126	79	128	120	205	114	169	88	87	68	104	120
Gene00255	34	34	37	31	50	54	67	15	37	45	21	26
Gene00256	59	54	66	41	37	42	30	24	60	21	14	16
Gene00257	55	51	58	28	67	44	58	37	69	50	32	58
Gene00258	128	161	218	123	112	117	86	70	45	56	81	37
Gene00259	25	13	7	38	25	26	89	47	44	44	39	57
Gene00260	22	19	19	21	22	23	84	23	51	90	51	80
Gene00261	42	48	55	49	45	44	42	39	32	49	35	22
Gene00262	106	90	105	71	167	132	256	150	221	158	250	243
Gene00263	21	28	41	25	40	36	54	67	61	36	101	76
Gene00264	101	86	93	57	40	35	60	44	30	126	79	67
Gene00265	164	102	176	137	104	88	246	70	228	225	57	62
Gene00266	23	19	16	68	102	58	64	64	92	23	17	26
Gene00267	87	95	147	89	183	105	114	66	103	155	138	126
Gene00268	51	55	93	38	68	92	44	60	46	49	79	114
Gene00269	44	82	29	42	56	64	95	51	82	34	28	54
Gene00270	15	11	15	23	30	16	23	27	44	43	35	37
Gene00271	37	55	57	39	56	59	47	40	60	41	51	51
Gene00272	448	443	509	243	356	314	315	110	202	166	89	128
Gene00273	31	27	23	20	50	20	23	32	28	32	35	24
Gene00274	21	19	38	25	59	36	48	16	54	22	59	34
Gene00275	23	80	48	42	39	35	44	59	51	49	21	21
Gene00276	24	32	44	56	64	60	93	80	90	204	139	65
Gene00277	21	24	28	35	53	27	25	17	59	57	83	69
Gene00278	101	68	82	173	398	257	592	378	386	117	159	119
Gene00279	19	16	13	10	28	17	12	10	29	22	9	28
Gene00280	32	20	24	44	65	21	31	45	46	41	48	43
Gene00281	169	164	161	61	134	99	105	45	94	33	33	56
Gene00282	185	100	184	161	304	196	349	261	377	306	339	374
Gene00283	13	37	24	14	36	20	21	16	18	23	31	24
Gene00284	62	20	50	98	81	162	108	182	119	204	36	89
Gene00285	17	30	19	37	87	66	45	63	77	114	99	45
Gene00286	59	35	52	33	56	23	44	17	82	40	34	27
Gene00287	24	23	60	7	21	21	29	13	17	69	24	15
Gene00288	100	83	87	68	86	84	50	48	51	116	92	82
Gene00289	66	64	81	53	38	46	68	29	27	20	11	33
Gene00290	19	31	44	40	78	50	94	85	97	94	126	95
Gene00291	75	38	69	77	95	57	142	80	149	224	198	131
Gene00292	25	37	37	41	56	49	71	64	66	78	71	93
Gene00293	322	378	211	226	216	251	133	124	135	97	83	83
Gene00294	17	14	20	18	13	12	12	14	11	12	8	6
Gene00295	114	157	186	97	112	59	102	57	119	109	153	130
Gene00296	13	13	16	27	34	30	57	24	34	61	32	47
Gene00297	450	329	403	177	282	126	213	193	283	236	138	153
Gene00298	133	61	74	48	46	69	48	61	91	57	70	84
Gene00299	77	69	62	65	143	92	224	172	216	243	236	240
Gene00300	110	120	134	53	49	47	45	52	64	31	33	58
Gene00301	38	74	69	50	77	90	89	81	135	203	122	103
Gene00302	26	20	29	47	53	24	83	80	70	131	134	103
Gene00303	16	16	19	11	64	16	21	16	14	32	39	23
Gene00304	16	15	21	29	32	41	63	26	76	61	55	60
Gene00305	206	248	195	132	154	145	145	77	147	99	106	50
Gene00306	248	264	289	153	250	186	153	103	130	111	73	85
Gene00307	60	64	77	265	215	224	454	427	189	75	79	123
Gene00308	33	40	39	85	103	74	96	49	78	20	33	35
Gene00309	97	111	78	95	199	154	153	118	59	209	168	265
Gene00310	34	40	60	132	131	147	217	130	285	64	75	94
Gene00311	78	70	108	101	65	149	211	151	263	157	128	307
Gene00312	76	85	138	50	89	54	82	100	102	80	67	65
Gene00313	200	176	127	95	126	118	110	138	90	152	215	203
Gene00314	31	15	22	30	25	36	40	17	22	24	18	14
Gene00315	65	67	99	66	90	65	70	55	84	91	88	123
Gene00316	213	199	163	208	355	152	291	298	320	516	806	408
Gene00317	12	9	39	78	58	101	75	48	119	41	27	30
Gene00318	34	31	68	61	60	68	78	47	67	37	48	39
Gene00319	57	41	65	56	57	35	54	31	98	62	49	53
Gene00320	54	22	38	47	51	30	71	85	56	143	111	64
Gene00321	26	89	36	40	47	89	57	36	59	22	15	80
Gene00322	37	39	37	46	34	46	47	29	41	37	47	33
Gene00323	41	20	49	54	58	38	47	35	51	32	46	46
Gene00324	150	73	222	141	186	68	49	34	85	42	41	48
Gene00325	47	65	86	71	104	111	120	41	92	74	79	82
Gene00326	120	90	207	101	87	125	39	35	71	44	45	39
Gene00327	18	13	20	25	24	19	46	38	40	17	19	17
Gene00328	74	50	38	92	57	35	210	111	137	44	35	39
Gene00329	58	140	70	73	54	57	64	25	36	58	63	129
Gene00330	229	171	298	98	138	117	59	68	93	45	47	62
Gene00331	34	37	21	24	39	31	34	35	53	42	28	34
Gene00332	94	206	81	108	146	131	102	102	69	50	31	34
Gene00333	6	4	7	8	8	5	14	7	11	12	12	15
Gene00334	12	9	12	10	16	6	8	8	10	16	10	13
Gene00335	82	88	109	118	220	194	360	233	300	132	77	90
Gene00336	221	190	172	200	157	123	151	93	200	82	81	71
Gene00337	22	20	51	33	34	36	56	19	52	90	39	60
Gene00338	43	37	55	77	158	118	215	113	158	51	34	44
Gene00339	70	78	90	39	34	36	35	49	24	19	22	42
Gene00340	16	22	25	17	19	11	19	19	21	13	15	12
Gene00341	643	467	474	269	434	236	240	251	217	180	106	162
Gene00342	66	19	31	27	45	12	34	30	38	16	24	35
Gene00343	63	120	101	95	60	123	82	48	86	96	38	99
Gene00344	90	55	34	82	168	131	227	163	152	144	182	230
Gene00345	29	26	16	28	52	41	43	40	47	77	37	46
Gene00346	15	39	62	23	32	29	42	43	45	38	39	40
Gene00347	22	15	23	33	20	16	23	10	25	21	29	22
Gene00348	22	43	31	123	59	150	136	103	93	47	35	50
Gene00349	134	67	119	64	91	43	74	30	64	57	79	90
Gene00350	15	20	22	13	28	27	61	48	56	72	56	37
Gene00351	77	104	124	59	108	65	43	30	34	45	39	61
Gene00352	186	183	315	68	93	112	100	70	71	36	60	34
Gene00353	11	17	8	18	3	21	26	16	16	50	24	28
Gene00354	15	25	21	20	28	29	21	54	53	55	41	70
Gene00355	109	74	108	69	51	122	68	34	31	49	26	50
Gene00356	31	29	36	69	90	99	131	98	91	22	36	37
Gene00357	179	137	186	440	346	276	456	331	328	505	406	512
Gene00358	60	93	63	142	174	227	280	263	208	88	62	42
Gene00359	18	8	16	15	22	11	21	31	24	19	46	47
Gene00360	26	32	23	35	75	98	102	105	127	40	29	12
Gene00361	30	44	66	46	86	43	55	40	44	49	28	44
Gene00362	14	13	15	9	12	12	21	14	13	13	12	5
Gene00363	15	21	22	15	42	16	33	41	40	84	46	79
Gene00364	26	37	31	27	32	22	27	21	40	35	32	37
Gene00365	50	59	44	58	40	74	122	89	99	155	92	118
Gene00366	40	30	39	18	34	25	51	33	33	93	46	101
Gene00367	46	40	40	21	28	24	27	14	31	42	32	24
Gene00368	27	48	63	96	178	209	291	189	166	45	65	140
Gene00369	142	87	123	75	85	123	110	42	56	53	46	67
Gene00370	72	104	82	55	78	82	57	45	39	104	58	130
Gene00371	22	18	17	18	25	24	47	34	45	84	28	28
Gene00372	16	4	14	10	16	19	18	12	47	13	3	15
Gene00373	6	7	3	4	0	4	5	4	7	9	4	5
Gene00374	169	111	147	69	159	69	91	97	112	123	159	165
Gene00375	86	64	64	46	44	50	54	22	52	37	25	39
Gene00376	15	8	12	12	25	19	57	18	35	8	12	8
Gene00377	49	61	110	225	209	312	360	338	282	49	77	52
Gene00378	30	25	28	29	15	20	26	20	20	35	16	38
Gene00379	136	95	86	100	110	52	36	42	65	24	36	35
Gene00380	47	38	80	54	62	48	48	49	52	46	28	83
Gene00381	16	10	17	16	23	20	20	11	13	16	11	15
Gene00382	23	46	30	36	50	65	100	60	92	120	150	80
Gene00383	8	8	11	13	13	13	38	24	16	35	36	41
Gene00384	106	119	61	77	204	53	261	245	263	199	143	264
Gene00385	43	64	38	35	50	24	15	21	16	15	17	14
Gene00386	19	15	16	21	13	19	26	22	12	24	7	17
Gene00387	29	35	39	28	54	33	124	54	58	78	74	67
Gene00388	31	37	55	25	56	28	47	30	40	35	39	35
Gene00389	67	54	63	54	60	50	52	49	99	39	52	81
Gene00390	167	229	234	122	247	259	119	113	133	183	223	264
Gene00391	30	22	39	20	18	27	11	15	15	28	29	37
Gene00392	10	3	15	13	16	15	24	23	18	10	11	29
Gene00393	564	500	410	283	290	333	201	140	196	143	135	63
Gene00394	29	48	35	20	41	22	13	12	17	10	9	13
Gene00395	106	63	113	61	95	52	34	26	56	35	22	30
Gene00396	34	33	28	54	67	56	126	115	71	41	39	36
Gene00397	39	43	46	15	38	29	23	12	22	14	13	14
Gene00398	20	30	25	27	55	87	153	70	86	22	27	22
Gene00399	212	196	168	120	186	180	166	70	114	194	191	218
Gene00400	32	22	16	23	19	17	31	19	31	28	26	28
Gene00401	41	26	39	23	48	26	55	35	58	29	34	26
Gene00402	66	45	64	67	75	52	58	55	73	43	39	92
Gene00403	20	23	30	36	26	29	20	26	30	16	25	20
Gene00404	49	28	48	23	29	23	14	10	18	31	39	40
Gene00405	12	9	3	48	38	35	87	47	39	28	8	13
Gene00406	23	37	23	11	32	24	31	24	27	23	26	26
Gene00407	132	90	97	79	68	106	80	27	74	71	81	142
Gene00408	22	51	38	13	30	44	38	30	45	39	19	34
Gene00409	42	42	75	67	57	56	149	82	102	118	191	189
Gene00410	34	28	26	38	45	14	43	18	35	43	19	13
Gene00411	52	54	35	44	52	47	56	22	69	47	53	54
Gene00412	101	97	118	163	261	161	324	317	321	123	69	96
Gene00413	31	65	92	34	36	34	40	28	39	27	24	63
Gene00414	29	33	56	27	28	28	37	27	24	30	25	40
Gene00415	131	127	118	72	100	165	208	193	293	335	438	293
Gene00416	450	585	567	253	361	384	282	224	208	170	111	197
Gene00417	44	59	60	46	69	42	53	20	56	56	30	72
Gene00418	121	181	187	80	160	117	111	90	140	81	52	41
Gene00419	21	11	27	22	24	18	29	32	35	16	13	18
Gene00420	16	15	16	7	23	16	21	11	15	27	14	18
Gene00421	78	79	85	77	105	92	115	80	119	139	92	89
Gene00422	37	30	53	21	49	41	57	47	60	49	25	30
Gene00423	9	22	20	12	13	21	16	8	17	17	5	23
Gene00424	29	42	50	35	28	23	87	38	64	48	18	40
Gene00425	25	15	8	9	27	19	60	13	40	19	27	52
Gene00426	24	42	21	12	41	26	32	24	30	37	43	26
Gene00427	47	30	84	23	64	33	61	42	48	21	21	22
Gene00428	17	13	22	4	32	14	9	18	10	14	4	16
Gene00429	51	24	57	25	94	43	83	42	32	87	46	57
Gene00430	32	84	24	14	39	23	29	15	22	26	14	17
Gene00431	11	18	7	62	55	47	94	102	69	46	22	25
Gene00432	74	57	72	58	44	37	19	40	20	109	77	82
Gene00433	39	75	29	50	32	46	67	34	34	42	45	38
Gene00434	85	60	99	68	95	73	118	66	115	91	85	94
Gene00435	104	81	53	153	263	243	414	166	302	123	81	100
Gene00436	61	41	65	53	83	62	117	57	54	42	44	14
Gene00437	99	57	139	169	249	194	331	229	459	139	132	118
Gene00438	39	46	42	79	158	127	332	238	151	57	55	91
Gene00439	112	83	61	53	58	52	54	20	38	21	16	25
Gene00440	39	122	73	53	57	56	77	68	81	89	66	51
Gene00441	41	37	23	29	111	50	51	56	67	67	82	79
Gene00442	37	27	16	16	25	22	16	9	23	8	7	7
Gene00443	208	528	251	378	187	248	277	154	416	207	194	161
Gene00444	97	70	140	24	68	24	33	42	63	47	24	22
Gene00445	33	33	25	22	20	23	37	31	46	36	29	33
Gene00446	33	27	22	30	49	30	38	22	54	33	25	23
Gene00447	251	206	176	85	114	156	141	54	69	44	52	44
Gene00448	134	124	168	81	127	77	79	50	79	38	31	57
Gene00449	242	255	253	144	194	148	111	110	157	112	109	72
Gene00450	213	264	368	74	81	95	134	35	100	169	119	79
Gene00451	6	9	6	20	25	21	49	49	49	13	16	27
Gene00452	108	72	124	35	87	50	68	48	61	28	23	37
Gene00453	26	42	31	36	35	33	39	19	45	33	46	39
Gene00454	38	41	36	50	78	77	83	43	62	40	74	39
Gene00455	80	66	102	130	171	111	312	222	319	78	108	61
Gene00456	11	4	10	12	6	9	32	27	35	36	20	8
Gene00457	69	68	106	142	208	211	411	193	192	87	101	91
Gene00458	26	41	33	21	23	20	31	20	20	16	21	48
Gene00459	19	10	19	24	22	22	36	49	39	81	75	52
Gene00460	19	28	15	50	44	85	132	69	151	26	13	21
Gene00461	48	41	38	70	98	75	127	107	174	71	48	79
Gene00462	34	32	23	47	60	52	87	76	57	102	69	88
Gene00463	16	48	46	64	49	18	45	33	36	25	17	38
Gene00464	28	58	29	17	43	49	49	44	62	39	24	22
Gene00465	134	94	136	80	80	85	125	31	68	50	49	50
Gene00466	27	31	44	24	25	40	30	32	30	33	16	38
Gene00467	15	18	24	14	15	11	17	22	22	31	22	14
Gene00468	87	117	87	128	218	198	293	221	326	109	99	109
Gene00469	23	20	15	15	27	23	21	13	40	15	16	18
Gene00470	45	56	64	48	51	53	123	89	137	201	189	104
Gene00471	269	255	462	381	227	189	93	25	112	109	71	132
Gene00472	29	36	27	42	53	29	49	37	49	63	11	54
Gene00473	62	86	86	76	99	86	155	81	205	314	226	349
Gene00474	8	8	22	14	22	8	27	12	11	21	27	14
Gene00475	89	108	119	160	156	121	264	146	207	286	278	253
Gene00476	136	123	109	61	57	62	49	36	63	100	96	69
Gene00477	11	11	4	13	13	9	9	6	16	4	9	8
Gene00478	15	24	5	19	6	6	6	7	27	24	22	11
Gene00479	90	94	114	112	47	180	93	39	139	32	54	29
Gene00480	81	60	89	57	80	75	60	44	94	62	62	43
Gene00481	47	24	28	29	42	7	26	6	34	35	63	54
Gene00482	30	22	22	11	9	24	29	22	15	16	17	7
Gene00483	40	47	34	31	61	67	47	41	45	52	34	14
Gene00484	80	81	60	66	38	46	39	21	28	42	49	50
Gene00485	46	38	44	70	150	87	133	127	177	38	46	49
Gene00486	18	28	29	38	28	45	53	48	76	73	71	74
Gene00487	103	73	79	54	96	85	77	55	73	29	25	32
Gene00488	42	51	51	27	31	32	54	28	22	14	14	29
Gene00489	25	10	49	20	36	27	28	16	33	4	28	13
Gene00490	251	116	145	96	109	99	80	85	116	63	40	62
Gene00491	100	74	97	51	86	92	63	50	40	22	41	41
Gene00492	44	24	32	104	85	66	170	194	106	54	38	30
Gene00493	42	37	69	33	31	55	17	14	14	10	11	19
Gene00494	16	24	25	26	19	33	15	29	32	25	27	34
Gene00495	104	154	131	81	124	104	100	68	58	53	49	51
Gene00496	46	27	39	24	32	36	25	19	15	36	54	37
Gene00497	49	31	39	43	43	37	65	46	68	43	66	25
Gene00498	74	110	122	61	59	95	82	29	54	36	49	38
Gene00499	45	46	25	60	177	96	118	114	149	56	32	56
Gene00500	25	36	22	18	25	19	17	11	22	12	11	6
Gene00501	19	16	35	13	23	20	36	17	18	21	22	27
Gene00502	44	42	58	40	56	73	79	112	100	187	259	192
Gene00503	22	45	20	21	39	18	64	36	66	34	35	30
Gene00504	28	13	27	64	107	19	113	92	109	43	36	27
Gene00505	99	100	79	115	99	122	245	155	153	277	255	412
Gene00506	34	30	55	22	44	43	33	40	47	29	34	42
Gene00507	293	113	176	248	920	719	548	408	275	61	47	271
Gene00508	47	57	74	70	48	79	47	57	68	42	48	51
Gene00509	68	48	47	116	180	160	250	158	235	98	75	62
Gene00510	12	22	19	15	35	13	35	16	27	20	11	11
Gene00511	142	88	116	99	144	127	159	123	136	262	262	290
Gene00512	11	13	9	23	35	31	37	35	43	11	17	19
Gene00513	68	82	40	37	42	47	37	30	29	63	55	83
Gene00514	56	45	47	78	113	122	195	150	147	83	57	50
Gene00515	18	14	23	31	55	30	54	44	61	87	43	60
Gene00516	43	20	44	55	88	116	215	75	84	171	85	141
Gene00517	21	29	33	43	39	48	67	30	37	89	49	56
Gene00518	39	61	44	62	75	66	183	80	134	182	141	140
Gene00519	54	84	127	67	72	101	151	73	167	97	54	82
Gene00520	29	13	29	29	9	25	24	39	48	26	33	36
Gene00521	29	14	33	32	33	17	22	10	27	21	16	29
Gene00522	100	84	57	42	89	71	29	12	71	22	28	33
Gene00523	156	156	151	93	167	164	79	65	98	162	116	102
Gene00524	22	33	39	36	35	43	95	49	82	50	80	68
Gene00525	64	61	74	39	64	24	127	44	84	28	19	70
Gene00526	83	66	42	51	62	150	229	107	129	270	116	156
Gene00527	147	118	95	42	104	77	50	144	143	97	78	85
Gene00528	32	28	43	49	84	83	182	100	70	32	47	32
Gene00529	218	242	336	107	264	113	89	58	80	83	63	72
Gene00530	126	155	108	21	85	88	69	49	36	47	50	22
Gene00531	406	284	555	321	254	221	257	152	191	118	167	144
Gene00532	88	50	44	51	92	66	62	56	47	67	39	31
Gene00533	182	221	135	122	223	181	128	139	140	99	77	93
Gene00534	53	53	105	95	83	115	140	115	103	58	55	73
Gene00535	107	132	110	68	85	54	69	66	56	39	72	34
Gene00536	23	21	33	21	28	26	48	29	35	24	29	26
Gene00537	66	29	34	17	15	38	60	13	30	16	33	54
Gene00538	34	23	21	56	80	47	70	146	109	22	27	32
Gene00539	54	32	23	56	35	56	37	36	68	32	30	52
Gene00540	70	148	136	150	110	291	163	215	376	192	419	408
Gene00541	36	38	35	48	43	58	40	39	39	56	41	59
Gene00542	6	11	7	6	10	5	12	6	13	10	7	14
Gene00543	198	155	168	82	103	134	102	77	109	59	36	62
Gene00544	115	103	141	104	90	49	98	67	57	43	53	36
Gene00545	37	27	30	27	43	39	72	71	64	82	98	101
Gene00546	58	59	70	74	85	56	96	35	120	80	63	63
Gene00547	49	33	27	17	35	22	41	24	30	34	31	24
Gene00548	16	12	8	40	20	21	28	60	64	20	8	10
Gene00549	49	63	38	32	53	54	67	73	100	130	73	148
Gene00550	22	24	64	30	27	31	11	12	21	18	5	11
Gene00551	31	29	35	27	56	37	15	31	44	40	37	31
Gene00552	119	144	61	83	86	114	107	74	106	107	36	134
Gene00553	190	229	228	90	159	142	97	54	45	66	58	83
Gene00554	63	84	65	42	80	124	77	57	33	80	38	79
Gene00555	30	33	23	21	22	31	21	15	37	30	23	34
Gene00556	23	40	20	19	29	37	28	19	24	29	15	26
Gene00557	16	15	21	36	54	61	81	51	80	25	16	18
Gene00558	77	66	111	26	75	70	24	44	37	55	65	98
Gene00559	132	187	226	134	176	209	89	113	87	50	75	49
Gene00560	107	60	102	67	42	35	54	38	53	24	31	40
Gene00561	38	33	27	39	42	34	85	58	62	145	114	172
Gene00562	67	116	103	110	168	210	226	151	132	244	249	212
Gene00563	43	43	38	43	39	41	26	28	17	17	5	13
Gene00564	11	14	19	14	23	18	40	39	33	55	54	51
Gene00565	77	54	25	59	79	53	42	93	118	85	85	87
Gene00566	14	27	12	16	13	34	43	34	50	52	51	61
Gene00567	204	272	232	144	189	211	95	61	144	228	130	219
Gene00568	13	9	21	20	11	12	36	14	18	26	12	15
Gene00569	14	15	14	26	38	35	46	44	46	24	10	7
Gene00570	34	39	75	62	45	36	63	31	54	59	23	29
Gene00571	105	122	103	103	70	88	147	82	143	100	69	86
Gene00572	55	37	65	27	38	43	42	28	35	14	29	18
Gene00573	65	70	94	25	42	59	34	24	53	63	60	68
Gene00574	95	29	41	25	29	40	31	44	52	46	17	50
Gene00575	29	33	22	13	37	50	77	45	83	158	118	139
Gene00576	11	6	11	12	10	14	3	4	4	19	11	14
Gene00577	34	47	31	43	52	35	54	27	72	36	44	24
Gene00578	191	143	200	302	207	421	258	445	579	181	253	181
Gene00579	20	11	21	30	60	44	26	21	55	25	6	18
Gene00580	248	273	264	211	254	170	359	253	308	311	181	277
Gene00581	53	34	43	82	75	71	82	100	132	139	88	127
Gene00582	131	112	105	85	69	90	75	37	72	83	109	119
Gene00583	24	32	27	25	31	23	12	28	34	27	20	37
Gene00584	10	18	23	23	42	29	28	30	23	38	32	33
Gene00585	99	100	91	66	78	97	36	39	71	76	63	84
Gene00586	32	29	50	69	58	40	63	80	104	82	105	154
Gene00587	112	52	69	50	38	51	33	30	24	15	27	10
Gene00588	94	122	55	55	182	85	106	10	45	135	62	51
Gene00589	26	41	47	25	56	38	45	25	58	43	36	35
Gene00590	95	80	52	69	78	63	40	33	38	19	14	20
Gene00591	64	30	49	44	45	46	62	36	29	38	30	39
Gene00592	33	36	28	38	76	50	75	97	69	104	105	53
Gene00593	58	77	77	53	139	65	76	53	103	62	83	48
Gene00594	40	5	44	23	46	18	52	22	22	37	25	33
Gene00595	24	24	21	23	53	28	29	49	67	59	37	96
Gene00596	38	38	26	11	24	18	16	4	15	22	10	11
Gene00597	100	77	147	70	67	40	59	63	73	65	127	84
Gene00598	25	22	22	44	43	61	100	68	53	35	29	18
Gene00599	72	80	48	112	199	206	324	190	269	81	83	82
Gene00600	90	49	37	54	42	32	34	19	29	22	21	10
Gene00601	44	39	35	14	26	38	30	32	32	18	31	31
Gene00602	25	38	22	25	26	27	25	32	34	28	25	49
Gene00603	32	28	21	26	25	41	29	26	32	19	31	26
Gene00604	63	22	48	60	36	74	90	49	102	96	108	94
Gene00605	60	61	49	72	38	41	24	26	27	23	19	16
Gene00606	35	52	33	64	69	68	105	68	96	168	150	79
Gene00607	45	35	57	26	49	24	54	48	41	20	28	37
Gene00608	23	12	19	9	21	16	10	5	14	7	15	16
Gene00609	42	46	50	121	103	110	230	82	111	29	42	52
Gene00610	151	184	224	99	88	115	98	88	100	60	53	82
Gene00611	19	31	28	41	44	58	67	39	59	47	38	34
Gene00612	127	88	116	76	285	247	274	205	300	353	310	422
Gene00613	61	39	53	52	64	46	90	57	53	107	41	104
Gene00614	82	42	35	29	101	51	85	40	43	34	29	29
Gene00615	22	25	17	34	31	41	54	39	57	79	91	130
Gene00616	29	26	24	53	13	18	15	23	37	25	19	24
Gene00617	10	21	20	20	26	30	61	32	69	14	18	11
Gene00618	65	115	105	85	93	97	104	57	73	74	80	80
Gene00619	16	18	30	12	23	25	51	24	34	59	28	66
Gene00620	43	37	33	30	45	39	51	39	53	24	60	44
Gene00621	26	27	37	14	20	14	8	18	21	23	27	31
Gene00622	239	254	226	557	919	592	1184	654	889	336	367	373
Gene00623	245	301	373	228	299	226	314	241	271	418	198	274
Gene00624	75	36	110	116	174	210	320	145	258	111	56	62
Gene00625	216	294	174	333	248	179	378	238	408	545	488	636
Gene00626	11	9	14	5	17	18	20	22	15	11	13	16
Gene00627	12	24	23	19	29	36	18	15	24	39	24	18
Gene00628	172	158	252	284	187	215	119	82	162	98	104	133
Gene00629	42	33	37	23	26	31	38	20	37	26	32	28
Gene00630	56	37	56	28	25	39	23	31	35	65	40	67
Gene00631	11	18	21	16	16	20	14	11	29	13	21	16
Gene00632	42	23	34	18	32	45	53	46	44	71	33	41
Gene00633	11	10	12	6	8	6	6	10	18	4	0	6
Gene00634	21	31	49	79	89	51	107	63	57	32	28	24
Gene00635	120	153	154	74	35	75	86	21	96	60	55	54
Gene00636	96	131	104	78	108	94	61	52	59	164	141	71
Gene00637	83	70	106	73	92	63	116	101	152	140	103	64
Gene00638	39	69	100	195	84	145	83	257	263	67	74	56
Gene00639	65	72	94	26	53	37	50	20	30	24	23	21
Gene00640	19	14	19	12	21	20	52	22	20	22	25	35
Gene00641	34	97	32	41	86	67	107	82	107	127	158	136
Gene00642	42	15	51	29	36	37	25	28	34	30	44	15
Gene00643	35	9	23	17	34	32	30	25	12	18	19	37
Gene00644	96	205	169	92	180	108	84	85	98	109	120	211
Gene00645	162	182	190	101	218	153	44	61	85	57	54	62
Gene00646	139	64	75	54	127	37	29	32	56	112	53	65
Gene00647	18	29	28	49	72	46	109	71	72	20	20	23
Gene00648	12	23	23	21	46	21	46	29	53	63	61	52
Gene00649	29	16	22	9	19	25	16	13	25	12	20	15
Gene00650	47	63	70	79	157	56	150	79	202	137	62	94
Gene00651	88	26	55	148	228	155	254	256	307	99	53	87
Gene00652	25	19	30	14	17	21	18	16	15	18	19	13
Gene00653	85	61	115	109	114	79	169	106	146	217	326	344
Gene00654	25	17	35	28	31	50	97	45	44	29	30	47
Gene00655	282	287	268	164	210	131	266	127	138	107	59	88
Gene00656	3	9	11	15	15	25	30	22	26	34	27	26
Gene00657	176	307	230	114	149	231	93	134	87	466	178	250
Gene00658	114	56	74	72	62	33	36	25	28	65	62	85
Gene00659	16	32	40	11	39	23	20	24	28	26	41	28
Gene00660	95	258	212	164	307	364	276	180	273	211	280	209
Gene00661	26	33	44	57	66	69	89	75	96	152	107	170
Gene00662	17	11	11	23	40	29	68	46	59	12	20	25
Gene00663	24	24	33	27	36	64	65	31	72	130	58	91
Gene00664	61	71	28	132	119	69	116	120	135	130	170	337
Gene00665	399	258	201	623	702	540	877	756	1042	335	341	281
Gene00666	19	20	26	35	33	47	32	31	36	38	20	43
Gene00667	184	129	123	161	208	140	228	149	171	183	119	206
Gene00668	18	5	21	48	27	20	31	24	53	173	76	55
Gene00669	106	121	160	97	158	142	130	51	59	91	54	51
Gene00670	195	96	209	185	271	212	287	326	357	501	400	439
Gene00671	89	99	92	50	58	31	38	26	31	62	68	90
Gene00672	89	133	167	101	97	48	49	63	46	139	88	103
Gene00673	80	142	115	66	64	90	88	46	44	43	29	21
Gene00674	55	45	52	52	67	56	106	79	61	106	137	158
Gene00675	58	53	96	115	152	123	221	199	199	53	49	54
Gene00676	28	39	68	185	198	160	226	253	383	68	45	68
Gene00677	70	55	52	38	61	49	72	56	44	79	84	37
Gene00678	38	46	32	59	60	85	127	58	146	127	158	114
Gene00679	6	21	13	7	8	14	18	13	9	26	13	10
Gene00680	20	25	32	10	39	29	24	11	43	42	19	17
Gene00681	21	35	38	52	88	49	90	73	104	35	17	28
Gene00682	127	69	70	128	373	301	407	478	467	129	120	136
Gene00683	10	13	13	16	22	16	21	19	22	34	53	27
Gene00684	23	19	18	19	23	27	19	32	34	27	32	39
Gene00685	63	59	49	94	107	93	156	143	171	187	299	164
Gene00686	74	130	77	67	64	107	98	92	92	104	83	90
Gene00687	4	13	19	25	4	24	24	6	17	22	22	14
Gene00688	290	157	243	115	169	154	143	98	94	64	70	76
Gene00689	38	26	31	33	26	30	28	10	36	24	15	23
Gene00690	124	72	158	92	111	32	37	20	26	17	20	59
Gene00691	27	27	41	27	12	30	35	26	32	14	37	26
Gene00692	52	56	44	26	56	35	146	70	99	178	171	148
Gene00693	84	86	73	56	62	55	49	34	25	15	31	26
Gene00694	28	35	33	34	74	56	88	122	160	34	28	33
Gene00695	18	28	37	13	35	30	26	21	39	17	28	31
Gene00696	116	77	51	39	77	59	45	25	34	28	14	24
Gene00697	7	5	16	33	57	26	57	44	57	15	9	9
Gene00698	58	86	110	55	44	57	33	15	46	44	47	16
Gene00699	211	166	216	593	698	487	1237	727	1056	534	368	254
Gene00700	57	101	127	56	65	20	118	10	69	35	32	35
Gene00701	251	89	243	79	215	84	105	140	161	70	104	59
Gene00702	33	23	36	44	50	55	51	56	63	93	76	74
Gene00703	56	49	74	79	343	107	236	126	183	98	107	104
Gene00704	20	10	58	32	19	70	53	31	47	13	16	79
Gene00705	54	95	56	66	63	97	101	65	110	72	57	69
Gene00706	94	71	84	50	56	58	47	32	37	22	25	29
Gene00707	109	123	149	67	92	73	86	61	87	46	32	93
Gene00708	56	39	40	30	27	29	17	16	27	12	16	9
Gene00709	228	334	298	168	125	222	155	120	191	112	63	84
Gene00710	18	26	28	43	38	19	61	54	58	136	61	109
Gene00711	85	66	76	58	45	126	109	39	95	123	50	69
Gene00712	35	40	23	105	120	79	182	153	246	33	53	32
Gene00713	94	89	66	58	83	65	70	30	53	34	26	18
Gene00714	103	71	84	57	59	42	42	45	36	29	36	26
Gene00715	20	14	16	20	18	38	34	25	35	69	32	41
Gene00716	18	15	28	14	36	22	30	18	55	74	55	48
Gene00717	106	81	75	71	65	45	36	34	43	69	82	58
Gene00718	47	42	63	46	49	54	77	32	97	34	59	41
Gene00719	29	41	33	9	37	24	45	28	35	23	27	32
Gene00720	76	85	108	71	69	81	49	28	62	41	33	38
Gene00721	23	20	34	35	62	57	52	74	90	13	34	22
Gene00722	96	68	89	77	108	82	74	83	94	78	57	66
Gene00723	175	147	153	61	126	84	62	55	114	72	36	64
Gene00724	46	40	26	99	125	92	166	129	149	47	43	32
Gene00725	113	59	96	37	75	49	42	50	34	32	23	24
Gene00726	61	63	80	105	95	93	218	141	141	219	182	182
Gene00727	90	73	130	64	86	78	50	35	52	58	100	102
Gene00728	12	7	13	3	15	19	14	18	26	11	15	4
Gene00729	37	34	25	36	42	39	78	62	81	105	101	154
Gene00730	30	4	21	22	13	65	153	112	77	22	27	27
Gene00731	243	255	350	196	370	169	273	187	287	339	245	220
Gene00732	40	17	51	30	29	15	55	32	56	39	49	23
Gene00733	37	36	22	24	31	20	30	23	26	21	26	26
Gene00734	35	41	37	44	49	55	61	38	75	52	35	58
Gene00735	296	157	237	228	233	156	81	90	197	92	82	77
Gene00736	13	19	29	21	40	12	74	30	54	35	115	67
Gene00737	24	24	24	74	76	43	104	94	68	29	27	45
Gene00738	71	47	22	35	57	42	61	27	34	38	24	39
Gene00739	42	44	67	72	136	92	96	74	110	120	107	170
Gene00740	245	191	125	58	171	56	26	51	68	24	36	43
Gene00741	20	18	14	11	24	12	25	14	30	22	20	16
Gene00742	126	58	141	90	85	105	118	73	139	106	68	167
Gene00743	10	3	2	14	10	9	20	6	8	4	12	10
Gene00744	21	33	44	92	156	66	154	215	198	66	46	44
Gene00745	16	17	31	12	51	19	38	22	34	31	28	25
Gene00746	31	29	41	15	55	14	78	63	36	44	96	62
Gene00747	194	153	442	420	542	408	574	195	430	312	122	491
Gene00748	131	81	132	59	97	65	54	57	36	36	40	28
Gene00749	138	137	180	170	165	141	152	115	215	189	107	144
Gene00750	178	150	207	109	88	167	79	62	57	194	119	95
Gene00751	7	22	10	13	8	8	13	16	17	7	15	22
Gene00752	18	11	28	32	27	52	73	36	42	69	43	67
Gene00753	18	46	37	114	73	126	47	90	104	127	54	219
Gene00754	453	709	477	212	762	441	400	332	320	330	146	183
Gene00755	25	6	16	38	21	16	99	44	33	42	128	41
Gene00756	35	44	37	60	72	102	158	60	77	209	107	186
Gene00757	47	34	42	51	113	82	116	44	92	135	129	158
Gene00758	262	166	155	41	46	54	54	39	59	38	44	22
Gene00759	48	64	60	45	89	87	72	60	125	60	52	92
Gene00760	30	41	33	97	114	112	142	138	120	79	31	42
Gene00761	75	60	41	51	62	46	66	78	70	93	48	68
Gene00762	15	45	49	24	41	24	28	26	18	37	40	31
Gene00763	20	42	59	41	39	43	51	33	45	42	36	44
Gene00764	14	8	20	8	16	17	12	6	16	13	11	11
Gene00765	23	19	47	26	57	51	25	32	32	24	20	30
Gene00766	235	150	265	161	162	177	104	84	148	191	185	188
Gene00767	134	154	295	148	147	135	136	124	165	155	243	283
Gene00768	23	31	38	43	53	66	112	105	63	75	78	82
Gene00769	58	82	86	133	146	147	225	67	279	74	68	102
Gene00770	23	8	12	21	20	20	22	21	13	17	13	21
Gene00771	99	82	103	120	107	112	141	118	128	99	76	85
Gene00772	105	89	79	83	67	57	20	48	47	78	68	32
Gene00773	215	229	273	153	167	175	150	84	107	233	167	218
Gene00774	14	20	20	12	26	32	63	27	55	68	54	80
Gene00775	37	51	62	48	60	55	51	46	55	57	44	38
Gene00776	9	5	12	10	13	15	32	11	17	31	26	18
Gene00777	89	151	147	76	118	61	45	55	86	58	48	34
Gene00778	86	132	78	84	132	88	120	103	119	137	71	125
Gene00779	107	103	127	71	106	99	67	55	48	110	145	108
Gene00780	13	8	11	16	9	19	35	26	41	30	21	34
Gene00781	6	13	20	20	23	22	43	19	28	5	15	19
Gene00782	111	52	74	63	145	98	83	87	95	116	211	167
Gene00783	133	140	224	108	105	180	102	36	128	40	48	57
Gene00784	31	64	15	33	64	45	102	96	106	243	131	271
Gene00785	192	85	175	54	102	91	85	56	92	69	36	48
Gene00786	108	65	86	54	91	39	36	37	35	27	14	23
Gene00787	90	81	90	69	78	83	102	72	84	94	82	94
Gene00788	46	14	22	44	24	56	26	33	69	24	53	33
Gene00789	12	13	5	13	15	16	35	20	17	24	41	31
Gene00790	8	7	7	24	17	19	40	25	24	13	6	7
Gene00791	89	37	27	26	35	53	22	11	29	18	29	37
Gene00792	128	70	252	71	90	111	116	66	81	131	105	162
Gene00793	111	149	150	66	68	77	64	60	57	26	33	28
Gene00794	39	36	35	51	42	65	115	55	140	133	112	114
Gene00795	48	29	24	41	30	65	120	46	87	68	71	50
Gene00796	31	54	72	56	65	69	94	117	61	99	60	67
Gene00797	63	81	111	46	65	61	44	67	63	44	22	51
Gene00798	76	145	66	155	139	102	61	58	82	169	55	94
Gene00799	27	34	41	23	40	77	52	43	77	68	75	62
Gene00800	33	25	23	52	97	83	134	112	131	16	20	38
Gene00801	197	151	452	236	156	209	71	137	201	202	169	209
Gene00802	199	209	249	201	228	215	418	223	278	183	209	223
Gene00803	46	66	59	56	56	56	89	29	57	62	23	70
Gene00804	45	45	51	38	62	35	55	25	52	37	36	45
Gene00805	16	21	15	18	26	25	27	21	47	67	41	29
Gene00806	175	122	208	105	126	109	62	52	82	139	130	179
Gene00807	44	29	21	59	88	70	152	82	106	23	43	35
Gene00808	36	39	35	27	24	40	61	39	38	47	37	56
Gene00809	64	87	87	56	97	83	93	46	57	28	26	36
Gene00810	48	39	47	73	51	41	57	66	67	77	53	50
Gene00811	70	50	71	34	58	42	76	28	12	20	14	33
Gene00812	16	18	22	15	26	41	38	43	40	46	58	64
Gene00813	78	73	103	302	282	228	1087	329	443	238	80	67
Gene00814	142	87	97	53	42	57	54	54	33	35	30	35
Gene00815	137	76	98	114	156	99	170	179	222	304	341	258
Gene00816	98	97	139	80	62	92	61	75	40	138	115	158
Gene00817	5	9	8	12	11	11	10	7	10	5	5	1
Gene00818	33	41	27	44	59	20	46	36	43	33	39	52
Gene00819	161	152	204	349	437	271	512	454	786	144	145	156
Gene00820	12	11	26	32	29	31	21	17	33	25	20	29
Gene00821	28	14	44	29	46	35	53	36	83	72	103	122
Gene00822	44	68	59	29	33	33	27	19	30	78	42	55
Gene00823	280	177	295	229	202	225	263	241	353	199	204	223
Gene00824	16	29	36	50	45	67	147	94	107	239	119	107
Gene00825	122	128	68	97	101	115	70	93	130	83	128	63
Gene00826	92	38	45	58	49	41	79	53	97	98	125	155
Gene00827	41	65	27	117	58	197	149	80	160	100	49	50
Gene00828	5	6	5	2	8	10	8	6	6	7	1	8
Gene00829	26	14	23	18	54	42	102	26	78	58	18	38
Gene00830	58	33	52	89	148	77	230	105	186	51	48	58
Gene00831	31	24	17	12	40	38	78	20	86	22	50	49
Gene00832	25	61	22	56	73	62	102	64	52	89	60	92
Gene00833	19	15	8	35	33	36	67	50	70	18	24	22
Gene00834	7	11	8	17	26	19	21	16	22	46	31	34
Gene00835	29	30	45	32	35	18	50	30	58	30	39	35
Gene00836	34	42	27	34	30	40	30	35	33	28	48	45
Gene00837	85	95	114	47	98	68	33	18	38	31	19	57
Gene00838	61	49	122	125	54	101	133	88	93	34	22	53
Gene00839	68	46	61	61	79	81	105	67	74	64	68	70
Gene00840	50	55	46	48	40	23	22	24	78	42	31	97
Gene00841	65	36	58	33	36	32	14	23	29	18	11	19
Gene00842	79	32	47	50	58	112	87	81	85	109	131	89
Gene00843	350	200	319	180	207	254	254	231	261	144	97	117
Gene00844	162	73	83	56	99	80	61	51	57	91	59	98
Gene00845	78	66	72	71	67	48	75	66	79	72	72	66
Gene00846	62	78	54	241	314	141	369	297	341	116	115	109
Gene00847	26	30	38	60	34	39	45	71	60	80	52	93
Gene00848	50	81	90	20	44	40	43	30	41	15	17	31
Gene00849	44	37	40	33	26	21	30	20	27	17	20	15
Gene00850	23	12	41	14	22	38	20	23	43	30	13	19
Gene00851	99	65	55	110	88	93	114	95	116	108	61	96
Gene00852	30	18	16	20	22	22	18	16	25	19	13	25
Gene00853	98	91	75	80	82	140	111	90	87	83	87	72
Gene00854	20	24	13	72	90	114	193	46	190	54	27	55
Gene00855	92	66	125	74	94	82	71	40	67	34	45	31
Gene00856	81	160	190	93	94	86	78	84	51	119	143	106
Gene00857	112	143	114	52	87	88	50	62	61	51	55	45
Gene00858	9	8	16	13	24	19	14	13	22	12	15	14
Gene00859	16	38	30	34	47	47	92	70	85	165	117	92
Gene00860	84	84	109	95	71	118	105	81	96	105	128	68
Gene00861	19	18	49	37	27	15	106	42	65	107	77	57
Gene00862	34	44	30	45	77	41	109	29	112	111	75	57
Gene00863	112	123	144	94	105	76	77	67	59	148	74	92
Gene00864	8	12	12	10	33	11	35	10	30	8	14	9
Gene00865	17	26	20	17	34	26	37	22	40	29	44	30
Gene00866	61	39	69	65	96	129	198	157	163	183	265	207
Gene00867	334	536	533	226	328	192	288	196	286	199	154	154
Gene00868	99	62	87	144	168	142	451	291	341	104	93	86
Gene00869	36	38	36	41	104	39	76	56	107	73	71	70
Gene00870	37	37	33	30	55	38	72	55	58	103	99	97
Gene00871	68	55	76	120	146	77	256	118	203	56	53	62
Gene00872	40	49	32	54	84	68	103	74	118	105	151	138
Gene00873	31	25	22	20	26	23	27	13	38	17	20	27
Gene00874	27	24	31	23	36	28	15	13	33	30	38	36
Gene00875	33	81	35	106	52	72	94	60	103	66	110	32
Gene00876	47	31	28	32	46	48	57	47	68	84	75	109
Gene00877	51	24	38	16	31	34	17	10	18	13	14	7
Gene00878	53	32	55	223	242	98	328	208	141	54	40	76
Gene00879	34	48	19	33	30	37	28	25	40	23	39	32
Gene00880	27	14	31	40	22	43	64	33	40	92	28	73
Gene00881	96	49	64	61	125	90	128	160	227	107	108	181
Gene00882	64	114	117	256	356	292	370	333	395	146	109	106
Gene00883	111	298	142	97	56	89	83	48	122	66	56	15
Gene00884	33	40	57	19	37	26	18	16	32	21	12	10
Gene00885	102	109	139	154	120	142	153	99	122	159	90	84
Gene00886	58	62	61	53	45	43	22	17	14	24	11	14
Gene00887	38	66	64	89	88	133	261	145	146	230	188	251
Gene00888	207	176	201	118	142	137	78	59	102	165	130	157
Gene00889	60	63	82	54	43	55	93	70	64	36	55	78
Gene00890	9	13	13	11	23	27	11	12	18	9	10	7
Gene00891	175	155	195	181	120	159	234	133	177	182	180	160
Gene00892	47	60	92	52	77	72	71	67	96	86	71	92
Gene00893	112	56	150	123	91	57	88	67	81	55	36	80
Gene00894	68	70	92	44	39	36	56	23	58	70	45	79
Gene00895	38	68	34	38	56	56	32	17	39	45	20	17
Gene00896	72	109	128	37	35	37	37	31	52	62	58	116
Gene00897	201	164	321	43	191	211	146	87	151	41	112	79
Gene00898	85	61	84	31	117	53	129	69	96	92	92	81
Gene00899	51	38	53	47	55	38	38	36	59	62	49	55
Gene00900	37	48	32	28	30	40	39	28	54	29	27	28
Gene00901	16	18	24	24	35	18	15	14	13	39	41	35
Gene00902	11	15	10	20	7	13	8	10	21	19	18	10
Gene00903	29	26	49	21	27	34	18	5	14	6	6	8
Gene00904	123	205	112	86	69	46	43	41	48	47	24	23
Gene00905	12	20	26	17	29	39	66	49	36	61	66	47
Gene00906	170	269	179	65	83	109	88	89	54	67	31	40
Gene00907	57	74	64	49	57	42	21	24	43	57	54	80
Gene00908	44	51	20	31	23	38	24	35	35	54	34	34
Gene00909	248	227	226	125	193	124	213	101	76	82	75	43
Gene00910	18	22	10	27	27	18	37	21	34	28	37	30
Gene00911	103	82	96	167	273	247	452	247	309	93	72	80
Gene00912	86	93	64	81	99	94	92	79	75	89	46	115
Gene00913	127	71	175	61	67	58	28	63	70	19	45	46
Gene00914	22	28	39	21	19	41	89	42	67	93	72	82
Gene00915	729	1003	1146	419	655	656	533	405	529	403	259	328
Gene00916	109	114	88	72	76	62	71	47	55	39	29	36
Gene00917	25	17	21	35	37	36	25	27	49	11	26	21
Gene00918	29	38	36	21	40	65	32	25	29	21	17	21
Gene00919	97	115	127	198	129	328	124	131	212	144	150	197
Gene00920	60	46	42	51	66	73	85	58	61	118	111	110
Gene00921	17	5	21	26	27	21	53	20	30	61	62	32
Gene00922	10	6	8	8	8	20	7	13	16	12	10	14
Gene00923	75	101	114	84	61	108	33	34	97	28	41	51
Gene00924	122	102	136	58	69	92	62	73	48	56	23	23
Gene00925	62	71	31	34	48	126	16	35	61	20	11	35
Gene00926	13	19	11	22	49	9	35	18	32	5	11	10
Gene00927	5	7	4	9	15	12	9	6	9	9	7	18
Gene00928	9	13	14	14	19	13	21	25	9	5	26	15
Gene00929	269	361	354	138	141	165	79	74	97	272	305	269
Gene00930	26	21	77	21	22	44	39	30	25	40	27	34
Gene00931	98	101	137	131	173	192	175	106	167	175	171	141
Gene00932	38	24	23	15	30	35	29	25	19	39	31	23
Gene00933	24	13	31	26	30	10	29	14	35	30	5	31
Gene00934	171	203	119	102	222	171	111	105	131	108	66	102
Gene00935	86	79	71	113	103	109	106	73	114	204	114	112
Gene00936	134	192	207	106	126	77	117	52	148	85	84	96
Gene00937	137	96	87	41	61	70	50	46	54	83	107	116
Gene00938	109	91	177	55	75	67	75	61	65	23	39	29
Gene00939	145	103	136	164	99	240	181	237	65	160	196	186
Gene00940	55	55	35	66	92	82	126	68	128	238	229	213
Gene00941	22	62	48	42	53	41	29	23	31	57	31	23
Gene00942	46	125	81	49	103	97	166	48	148	115	89	124
Gene00943	30	60	114	13	29	47	37	21	43	61	36	51
Gene00944	47	58	43	55	63	67	70	44	57	46	52	60
Gene00945	78	53	65	48	115	68	60	31	48	81	49	103
Gene00946	75	77	116	46	94	58	58	26	112	72	85	106
Gene00947	42	22	38	39	26	36	43	27	36	39	48	30
Gene00948	33	29	28	17	18	15	6	8	11	22	17	24
Gene00949	50	41	41	50	51	77	22	51	55	48	54	42
Gene00950	28	34	29	30	56	44	40	21	38	85	71	81
Gene00951	40	29	27	46	28	33	30	33	40	69	62	46
Gene00952	4	4	10	14	7	11	24	6	18	27	17	30
Gene00953	21	11	13	8	13	34	12	11	18	10	14	12
Gene00954	69	125	119	177	91	67	63	24	69	191	141	81
Gene00955	200	159	187	135	156	264	168	96	139	174	217	253
Gene00956	25	23	24	33	18	31	19	20	48	13	28	19
Gene00957	38	33	43	31	26	27	22	16	23	19	7	8
Gene00958	70	70	80	35	84	79	115	52	90	70	69	66
Gene00959	29	46	40	107	61	47	134	30	112	39	16	55
Gene00960	5	11	8	22	3	14	8	6	22	8	9	11
Gene00961	32	29	40	59	75	62	57	55	96	109	142	101
Gene00962	68	88	58	77	69	49	114	117	22	58	68	73
Gene00963	15	16	19	15	12	16	11	17	31	16	29	13
Gene00964	21	25	44	21	44	19	22	47	38	39	11	28
Gene00965	106	90	190	156	180	129	197	105	143	86	65	129
Gene00966	113	100	127	66	97	79	65	36	66	130	73	106
Gene00967	39	42	40	20	33	33	61	29	42	50	19	24
Gene00968	63	60	47	52	42	77	53	43	96	77	106	101
Gene00969	293	204	382	177	277	140	175	137	147	75	67	122
Gene00970	77	50	64	52	58	85	84	63	116	39	76	53
Gene00971	22	22	30	18	31	15	28	26	28	19	11	20
Gene00972	41	30	38	41	74	62	143	87	140	109	133	166
Gene00973	21	29	42	50	94	77	82	102	113	32	29	20
Gene00974	10	14	15	10	7	3	3	4	20	10	10	14
Gene00975	48	39	41	105	239	115	392	200	298	38	38	89
Gene00976	102	185	142	118	120	125	114	46	74	108	162	178
Gene00977	35	27	51	12	14	15	15	8	10	7	10	13
Gene00978	250	275	138	184	260	226	94	103	104	87	166	54
Gene00979	13	9	9	17	14	10	17	12	9	14	6	17
Gene00980	19	43	36	40	41	85	221	112	104	265	286	108
Gene00981	14	12	15	20	25	20	23	15	20	17	6	3
Gene00982	64	55	68	34	51	34	53	37	60	19	26	14
Gene00983	6	14	13	25	4	12	37	21	18	24	7	23
Gene00984	16	35	16	15	48	33	47	49	45	75	58	82
Gene00985	52	71	35	39	41	29	22	20	30	96	46	75
Gene00986	77	62	53	74	193	138	241	168	213	64	94	82
Gene00987	11	15	8	7	15	11	7	6	17	12	22	19
Gene00988	61	53	56	40	68	56	108	86	131	144	127	163
Gene00989	22	21	21	15	41	37	23	29	37	17	22	17
Gene00990	34	33	48	17	35	23	21	13	61	26	40	22
Gene00991	125	111	73	127	139	122	125	107	119	113	79	132
Gene00992	61	54	66	57	34	59	27	23	43	12	25	20
Gene00993	421	303	240	179	200	120	149	83	126	235	145	373
Gene00994	82	149	126	170	124	134	139	146	146	155	104	215
Gene00995	64	71	58	91	95	76	99	88	172	218	109	160
Gene00996	115	63	69	96	92	140	145	64	69	27	54	52
Gene00997	32	27	40	33	22	36	36	20	30	32	22	32
Gene00998	85	26	88	38	33	68	51	61	48	67	93	55
Gene00999	131	119	168	132	211	178	150	101	196	91	151	141
Gene01000	30	48	42	37	26	52	18	30	27	19	19	68
Gene01001	64	63	84	33	73	63	53	38	25	53	30	33
Gene01002	135	133	105	60	103	119	52	28	29	54	59	42
Gene01003	80	76	56	39	56	41	31	34	49	22	15	21
Gene01004	9	4	4	6	8	13	12	4	10	6	6	5
Gene01005	193	238	256	371	388	532	835	807	1083	223	306	268
Gene01006	17	32	21	28	28	19	3	11	20	10	3	2
Gene01007	47	78	77	41	54	42	29	15	12	28	17	30
Gene01008	81	101	176	94	58	33	15	38	42	49	35	26
Gene01009	32	18	24	77	43	57	173	135	68	10	34	25
Gene01010	23	10	23	22	31	15	23	9	25	23	14	22
Gene01011	52	49	39	76	70	78	206	92	231	73	28	57
Gene01012	39	24	35	45	48	54	54	54	53	85	75	79
Gene01013	78	100	59	60	91	47	92	61	57	68	70	62
Gene01014	24	14	25	18	44	18	43	32	61	39	62	45
Gene01015	28	39	47	90	78	121	188	118	111	60	53	48
Gene01016	60	65	86	94	339	179	443	209	264	89	81	59
Gene01017	25	21	22	31	27	22	22	30	26	17	22	36
Gene01018	45	42	14	24	22	19	40	17	34	26	17	62
Gene01019	138	134	106	84	84	70	42	54	82	30	41	66
Gene01020	77	74	165	142	193	169	234	182	267	303	319	446
Gene01021	38	38	18	27	32	28	14	13	20	27	27	23
Gene01022	48	74	94	47	38	57	37	14	30	33	4	11
Gene01023	348	225	344	173	205	200	168	126	201	89	102	109
Gene01024	16	40	30	17	38	39	38	43	45	36	33	22
Gene01025	20	12	19	7	22	18	21	42	35	64	70	44
Gene01026	131	99	66	118	128	126	356	232	262	340	335	406
Gene01027	59	28	66	33	84	44	42	36	66	88	38	67
Gene01028	373	548	354	269	333	181	169	76	177	274	351	295
Gene01029	40	43	45	116	128	140	201	128	167	37	69	36
Gene01030	35	55	26	37	41	27	54	26	74	45	31	42
Gene01031	124	118	106	58	76	113	70	41	38	82	104	174
Gene01032	79	57	65	85	96	115	69	65	104	50	55	86
Gene01033	93	40	46	115	64	145	171	202	246	276	253	262
Gene01034	28	50	36	40	39	41	133	30	62	18	75	64
Gene01035	11	14	33	32	42	40	50	42	49	91	81	43
Gene01036	296	366	236	98	141	107	131	175	116	181	246	192
Gene01037	47	38	37	19	39	32	28	9	28	37	37	48
Gene01038	19	76	72	50	63	71	98	43	51	66	41	51
Gene01039	20	13	24	26	27	14	34	13	21	9	39	16
Gene01040	52	45	50	27	49	26	20	44	48	43	44	59
Gene01041	71	66	27	125	81	97	102	142	186	84	58	34
Gene01042	39	23	12	37	38	78	35	42	44	27	54	44
Gene01043	198	101	180	67	108	105	78	78	113	51	41	48
Gene01044	522	489	847	383	358	616	357	308	327	469	756	583
Gene01045	76	55	99	101	70	102	146	121	56	220	201	223
Gene01046	93	40	81	196	274	204	309	190	338	82	70	66
Gene01047	19	23	37	24	25	31	47	17	29	33	24	23
Gene01048	51	73	65	52	74	81	154	108	144	193	159	206
Gene01049	95	149	95	168	239	191	515	304	200	84	67	90
Gene01050	110	135	176	83	95	116	126	69	74	88	70	93
Gene01051	80	57	82	128	174	91	343	318	449	145	86	52
Gene01052	74	55	84	52	53	35	96	43	71	46	20	38
Gene01053	26	18	13	43	61	26	41	24	76	88	39	93
Gene01054	31	21	40	22	26	20	35	37	29	20	13	38
Gene01055	16	7	13	2	13	8	14	5	9	17	13	7
Gene01056	59	66	66	146	89	111	162	139	214	271	209	230
Gene01057	38	30	33	55	19	17	74	51	36	34	56	32
Gene01058	22	20	23	94	102	76	136	105	85	38	42	48
Gene01059	19	23	21	20	16	17	23	31	12	13	11	19
Gene01060	54	73	13	58	60	38	29	43	65	14	36	29
Gene01061	67	75	66	68	39	65	39	77	55	32	45	10
Gene01062	15	9	10	7	13	12	9	6	12	13	7	12
Gene01063	68	44	57	18	35	56	35	13	23	16	13	25
Gene01064	57	13	18	61	72	37	41	42	121	74	68	47
Gene01065	14	17	18	15	20	27	17	13	23	18	22	16
Gene01066	71	44	47	52	77	77	58	37	32	45	42	53
Gene01067	239	321	245	184	181	244	273	268	300	372	162	215
Gene01068	62	74	118	76	51	50	70	31	44	25	22	45
Gene01069	31	24	45	26	52	40	21	17	20	15	37	17
Gene01070	62	50	87	50	47	53	40	52	42	61	51	79
Gene01071	112	101	77	37	81	96	58	31	38	46	52	61
Gene01072	23	12	19	17	11	19	9	11	8	16	17	16
Gene01073	134	142	137	96	205	139	221	123	173	169	158	119
Gene01074	97	156	111	48	98	60	50	44	31	41	20	36
Gene01075	13	19	12	20	24	35	42	37	14	85	39	32
Gene01076	23	18	53	37	36	43	35	34	38	40	33	46
Gene01077	66	45	79	43	34	82	50	51	50	65	68	104
Gene01078	116	125	115	49	117	143	91	92	110	100	144	86
Gene01079	19	9	20	15	17	22	18	15	28	7	21	18
Gene01080	64	58	70	43	68	52	42	28	42	26	26	32
Gene01081	21	62	34	30	33	50	31	54	55	26	47	38
Gene01082	69	76	65	57	88	62	37	58	92	66	82	45
Gene01083	68	60	79	25	28	45	50	42	65	22	38	75
Gene01084	73	54	81	40	73	65	27	24	32	30	37	39
Gene01085	37	28	25	14	34	18	25	12	16	4	5	10
Gene01086	32	44	45	25	43	20	77	25	56	38	53	56
Gene01087	37	22	57	41	41	28	29	41	29	32	25	28
Gene01088	140	109	103	249	184	275	614	462	351	732	632	759
Gene01089	14	17	20	19	21	27	34	28	57	88	59	52
Gene01090	168	182	94	93	67	101	56	70	82	63	31	39
Gene01091	42	35	20	55	34	51	31	39	33	26	19	32
Gene01092	150	362	132	30	42	49	96	30	164	145	103	128
Gene01093	46	52	40	25	38	31	15	16	18	35	15	16
Gene01094	21	66	37	31	41	29	16	15	14	25	15	15
Gene01095	92	152	184	103	84	70	62	64	96	59	27	45
Gene01096	19	37	32	16	31	17	34	24	19	15	16	27
Gene01097	29	23	29	35	27	29	49	21	40	30	32	44
Gene01098	75	49	55	37	58	36	31	33	25	56	46	68
Gene01099	56	39	64	91	128	120	241	116	191	35	61	59
Gene01100	38	49	31	51	33	50	54	33	21	30	49	49
Gene01101	77	50	50	24	47	36	17	23	25	23	23	29
Gene01102	77	78	58	259	218	265	228	250	148	86	75	119
Gene01103	17	17	10	16	14	10	18	25	27	17	17	24
Gene01104	127	52	115	72	72	102	82	133	61	109	85	83
Gene01105	9	14	12	13	23	19	15	20	46	30	81	44
Gene01106	108	78	184	200	171	87	560	157	187	347	191	437
Gene01107	22	29	20	15	26	18	11	3	16	23	19	40
Gene01108	117	61	103	78	61	95	100	100	110	80	49	78
Gene01109	18	24	46	35	34	53	54	40	56	111	59	87
Gene01110	12	8	8	13	9	15	26	30	21	24	43	51
Gene01111	77	73	69	66	90	100	32	57	68	41	46	44
Gene01112	21	23	23	13	8	13	8	7	18	18	18	24
Gene01113	31	40	27	31	42	41	43	21	34	32	25	31
Gene01114	19	39	55	74	89	116	100	66	111	47	42	50
Gene01115	59	40	57	60	42	86	29	38	50	25	42	29
Gene01116	64	71	129	96	70	150	208	173	167	345	252	247
Gene01117	145	93	184	65	80	93	122	22	83	41	46	36
Gene01118	28	27	14	65	75	69	79	76	107	17	25	18
Gene01119	29	18	16	50	29	44	16	14	35	37	22	46
Gene01120	158	164	164	161	114	245	259	177	335	271	188	177
Gene01121	141	192	179	72	97	121	73	77	76	30	42	42
Gene01122	94	40	75	91	65	66	45	49	38	77	50	41
Gene01123	10	15	11	15	22	21	31	37	23	39	33	43
Gene01124	5	9	10	15	13	4	12	24	10	26	63	24
Gene01125	9	17	19	15	18	28	11	31	19	24	13	11
Gene01126	41	30	51	24	33	59	23	20	17	27	20	16
Gene01127	71	72	76	40	66	63	85	44	80	64	44	53
Gene01128	10	15	17	20	11	22	23	14	25	20	17	16
Gene01129	55	42	44	97	74	57	139	92	138	46	43	51
Gene01130	18	12	9	16	23	16	34	29	22	39	37	41
Gene01131	30	31	24	27	41	28	57	17	31	24	45	31
Gene01132	1	3	13	12	14	5	24	19	21	4	8	1
Gene01133	33	20	88	106	116	110	177	124	214	47	46	32
Gene01134	46	31	30	38	32	40	54	31	51	41	22	26
Gene01135	60	49	97	46	78	53	50	12	23	28	13	33
Gene01136	11	23	59	19	66	50	71	41	40	54	36	31
Gene01137	48	75	31	26	54	53	39	29	53	40	45	39
Gene01138	48	53	68	139	258	93	342	173	178	68	56	85
Gene01139	15	17	14	35	53	35	63	53	59	20	17	24
Gene01140	104	62	81	60	50	51	68	41	60	55	48	79
Gene01141	15	9	19	30	23	21	56	54	26	58	23	40
Gene01142	8	35	44	109	79	76	160	73	56	41	7	51
Gene01143	149	144	255	61	86	127	58	52	86	53	33	47
Gene01144	157	163	140	97	138	105	167	130	136	166	93	165
Gene01145	8	9	5	13	28	21	40	39	53	11	11	13
Gene01146	118	90	99	232	268	178	379	326	412	163	85	73
Gene01147	24	18	30	26	25	24	34	23	25	50	20	28
Gene01148	163	134	122	89	92	68	72	30	68	50	29	39
Gene01149	167	132	111	43	100	64	79	61	51	34	37	37
Gene01150	18	19	32	22	28	28	28	24	17	41	26	21
Gene01151	33	15	20	11	47	21	27	19	26	25	14	21
Gene01152	3	9	9	3	6	4	6	5	10	7	3	7
Gene01153	151	157	99	148	192	177	276	136	265	273	310	353
Gene01154	138	124	139	113	113	63	62	38	48	29	28	57
Gene01155	16	12	17	32	32	25	46	35	25	55	45	59
Gene01156	81	119	113	69	85	44	95	56	50	22	33	50
Gene01157	49	22	60	40	30	14	19	18	30	17	24	6
Gene01158	49	69	76	53	61	51	57	44	33	48	46	37
Gene01159	68	36	43	90	239	136	187	189	222	55	66	93
Gene01160	60	82	76	47	95	64	207	51	134	194	225	219
Gene01161	10	14	12	29	26	27	32	20	64	66	75	40
Gene01162	71	92	42	178	100	79	90	120	165	166	246	136
Gene01163	55	47	40	57	67	49	51	39	67	71	54	66
Gene01164	33	25	34	35	41	38	71	46	64	115	72	80
Gene01165	70	62	50	111	130	118	284	226	248	71	80	73
Gene01166	22	73	27	51	32	40	60	49	69	60	62	67
Gene01167	126	134	157	61	145	134	75	48	74	59	46	67
Gene01168	40	51	28	36	18	25	12	24	18	8	6	15
Gene01169	41	50	100	48	83	62	75	50	45	51	28	59
Gene01170	26	41	33	58	103	91	76	85	118	27	23	42
Gene01171	42	49	29	83	150	119	317	149	150	74	62	59
Gene01172	69	36	38	65	71	46	101	62	51	47	56	57
Gene01173	33	39	33	43	53	51	42	50	49	33	55	57
Gene01174	71	59	99	31	69	61	56	36	43	24	17	35
Gene01175	49	23	15	25	70	56	215	59	159	66	21	17
Gene01176	37	36	49	38	33	94	198	138	133	205	140	202
Gene01177	115	155	76	97	76	87	72	26	24	47	27	28
Gene01178	17	13	30	21	38	7	24	25	27	25	20	23
Gene01179	21	10	5	6	11	12	13	10	7	8	6	5
Gene01180	21	69	43	97	63	52	52	61	96	59	60	50
Gene01181	179	173	187	110	121	130	213	86	149	145	100	137
Gene01182	9	9	6	11	4	3	8	13	12	4	15	3
Gene01183	96	154	75	78	149	117	126	65	174	108	107	159
Gene01184	14	16	32	39	62	42	100	42	73	29	18	25
Gene01185	119	117	118	84	124	123	91	80	150	93	115	111
Gene01186	59	62	105	38	51	40	38	32	22	13	14	14
Gene01187	80	120	128	199	287	278	496	455	579	94	116	113
Gene01188	313	135	148	198	472	361	423	282	246	354	360	273
Gene01189	60	42	48	79	105	111	160	125	136	40	41	50
Gene01190	33	36	33	44	66	44	121	60	95	30	28	36
Gene01191	88	134	102	105	110	170	269	155	186	371	223	409
Gene01192	40	28	25	36	21	35	42	30	26	22	11	13
Gene01193	40	53	35	27	44	62	48	37	28	67	51	30
Gene01194	110	102	129	164	110	111	288	176	241	217	154	335
Gene01195	129	116	151	58	87	130	61	31	50	98	98	84
Gene01196	62	64	66	37	54	36	42	37	52	11	28	26
Gene01197	83	88	52	98	94	128	177	117	137	257	357	321
Gene01198	101	140	192	68	97	204	208	125	201	182	81	83
Gene01199	52	29	50	63	76	90	90	117	97	70	93	127
Gene01200	18	25	13	15	24	55	74	38	50	47	23	57
Gene01201	151	87	126	62	114	70	66	54	39	38	50	35
Gene01202	218	142	65	115	140	212	142	54	133	111	144	91
Gene01203	19	18	36	10	21	15	10	9	15	17	11	20
Gene01204	75	59	67	124	175	93	277	224	342	54	74	71
Gene01205	432	427	212	135	326	185	229	131	215	168	61	51
Gene01206	42	33	48	58	75	57	55	31	54	23	39	38
Gene01207	20	19	18	37	17	16	67	42	67	87	121	101
Gene01208	24	24	11	30	10	10	26	12	25	22	19	18
Gene01209	47	21	44	51	43	34	50	46	47	35	42	29
Gene01210	28	29	35	32	46	41	49	21	33	25	30	33
Gene01211	94	130	97	127	187	157	93	128	123	170	173	165
Gene01212	98	63	89	40	71	68	58	51	57	29	36	29
Gene01213	25	20	23	17	23	17	21	7	25	19	16	15
Gene01214	91	133	179	317	314	340	573	525	673	196	113	173
Gene01215	149	123	185	175	227	178	451	89	357	657	530	460
Gene01216	142	129	93	73	106	138	110	91	96	132	104	161
Gene01217	43	68	95	63	72	57	116	52	87	81	59	98
Gene01218	169	131	168	144	165	191	237	115	182	187	66	203
Gene01219	60	52	32	61	98	84	236	51	177	55	41	53
Gene01220	65	52	79	32	41	50	42	22	42	63	46	35
Gene01221	121	112	102	66	51	73	54	44	56	85	80	61
Gene01222	45	55	38	35	28	40	29	15	13	17	12	12
Gene01223	100	71	126	60	98	61	36	29	37	33	26	30
Gene01224	22	18	16	30	58	40	53	47	75	20	20	24
Gene01225	29	23	11	64	47	55	93	57	96	22	51	21
Gene01226	26	31	22	19	22	16	23	24	28	29	22	29
Gene01227	180	148	210	87	129	129	114	90	198	233	159	183
Gene01228	28	30	63	62	71	72	134	100	76	157	171	98
Gene01229	114	98	131	100	148	73	115	93	85	70	104	115
Gene01230	107	87	71	55	52	74	55	54	83	76	96	44
Gene01231	36	32	37	35	45	31	43	24	63	36	20	31
Gene01232	49	29	115	62	58	104	133	55	107	37	62	50
Gene01233	75	56	86	87	86	65	130	95	83	215	200	170
Gene01234	5	8	13	10	16	9	7	3	4	3	8	3
Gene01235	525	468	528	386	293	314	275	169	299	206	169	167
Gene01236	22	9	18	12	17	19	19	18	18	17	21	17
Gene01237	113	108	149	86	82	147	157	109	194	187	102	94
Gene01238	31	43	61	38	27	51	56	24	48	28	38	33
Gene01239	48	40	44	49	39	31	32	28	39	31	44	52
Gene01240	57	46	94	65	135	89	225	169	225	211	130	161
Gene01241	17	42	31	35	27	18	54	37	36	27	36	30
Gene01242	78	41	47	50	80	46	71	40	69	53	65	97
Gene01243	15	13	21	21	16	25	20	27	18	26	19	13
Gene01244	42	37	81	40	67	59	52	47	49	68	41	50
Gene01245	39	22	39	54	55	54	80	46	66	112	150	123
Gene01246	34	20	28	19	22	43	16	14	20	5	12	11
Gene01247	62	59	63	51	58	38	65	42	70	90	60	69
Gene01248	37	38	43	31	44	42	26	21	23	15	9	23
Gene01249	92	72	118	81	85	77	72	55	77	100	97	89
Gene01250	56	79	43	39	26	35	23	20	19	91	65	27
Gene01251	25	22	29	31	20	11	33	13	21	26	13	19
Gene01252	58	61	117	105	347	133	191	417	282	73	94	86
Gene01253	36	55	51	35	38	58	18	19	26	57	58	43
Gene01254	16	4	4	36	40	38	24	56	41	19	7	16
Gene01255	72	66	97	50	62	124	69	48	43	27	57	38
Gene01256	28	26	28	32	41	80	106	83	95	86	135	140
Gene01257	30	19	14	51	71	34	108	108	120	10	22	38
Gene01258	72	42	79	33	23	59	84	89	161	53	82	82
Gene01259	38	37	59	48	38	46	47	33	48	39	38	55
Gene01260	112	99	92	58	103	90	41	67	66	37	46	15
Gene01261	130	155	131	39	69	77	49	60	46	44	48	49
Gene01262	29	64	32	32	24	35	22	11	23	21	57	34
Gene01263	83	35	47	78	76	53	146	82	159	117	180	135
Gene01264	39	56	73	66	52	50	151	100	149	217	129	142
Gene01265	34	67	33	180	213	156	259	155	250	60	69	64
Gene01266	75	48	133	68	56	27	35	20	30	22	34	24
Gene01267	192	115	146	92	101	84	62	70	56	176	152	188
Gene01268	359	241	298	212	231	185	128	153	149	128	72	126
Gene01269	15	29	33	76	103	73	97	93	63	22	26	16
Gene01270	79	73	58	26	72	57	26	57	54	67	46	67
Gene01271	9	18	12	62	105	79	75	112	147	23	19	55
Gene01272	18	22	22	35	33	26	52	54	40	67	62	60
Gene01273	12	6	9	15	21	21	17	18	13	13	14	28
Gene01274	8	14	10	14	15	13	22	8	34	29	19	34
Gene01275	74	60	86	75	103	65	137	87	101	80	62	37
Gene01276	40	41	53	43	71	139	109	127	104	197	194	186
Gene01277	33	45	37	33	24	23	21	20	11	28	27	23
Gene01278	291	177	124	130	142	119	134	88	82	64	59	49
Gene01279	35	35	42	26	34	38	19	11	15	12	9	9
Gene01280	58	38	48	59	31	52	55	31	57	28	29	68
Gene01281	450	457	364	159	183	264	186	184	114	381	120	250
Gene01282	34	42	23	149	72	185	117	144	146	39	40	49
Gene01283	123	106	111	114	281	177	91	107	96	135	81	86
Gene01284	61	88	73	54	78	86	58	47	41	41	22	15
Gene01285	25	23	19	17	39	48	47	38	42	76	59	48
Gene01286	24	31	20	51	59	34	50	20	42	33	23	21
Gene01287	127	125	91	54	103	74	58	45	54	83	84	78
Gene01288	42	50	49	23	41	23	13	10	28	41	54	34
Gene01289	71	59	54	128	278	213	217	272	234	91	58	48
Gene01290	111	65	62	51	70	117	44	29	39	42	30	37
Gene01291	110	107	180	50	44	149	74	62	78	60	84	66
Gene01292	16	24	10	12	13	22	14	27	14	21	29	23
Gene01293	12	9	5	12	12	12	19	40	24	46	30	51
Gene01294	44	45	33	133	105	97	197	86	129	74	53	54
Gene01295	102	124	124	86	77	130	79	103	117	78	67	109
Gene01296	166	158	159	114	96	214	134	201	169	344	180	181
Gene01297	135	151	87	90	88	56	89	16	98	72	48	58
Gene01298	25	40	50	26	28	42	26	45	36	37	27	33
Gene01299	100	120	178	127	208	135	283	172	234	163	126	212
Gene01300	21	10	25	18	6	15	12	17	18	14	19	14
Gene01301	75	71	63	54	47	39	43	41	26	65	66	118
Gene01302	23	39	37	31	30	41	57	29	30	18	23	25
Gene01303	111	77	87	66	111	107	134	61	97	113	71	84
Gene01304	21	25	20	22	27	8	29	13	28	20	21	15
Gene01305	37	37	37	24	47	42	25	25	46	38	28	28
Gene01306	30	24	46	20	57	56	71	41	42	50	15	53
Gene01307	21	32	44	49	48	41	45	36	44	38	30	38
Gene01308	77	57	44	67	57	61	84	74	51	87	80	67
Gene01309	125	147	136	71	120	136	94	47	80	45	31	55
Gene01310	81	61	103	79	119	125	105	146	215	250	421	397
Gene01311	158	182	114	128	198	233	500	229	249	397	476	534
Gene01312	26	20	27	24	53	43	76	64	63	70	96	99
Gene01313	471	392	724	324	329	400	227	216	323	438	391	662
Gene01314	9	11	14	13	11	13	27	20	10	17	15	17
Gene01315	27	33	27	6	23	27	26	18	25	7	12	16
Gene01316	52	67	74	103	85	87	204	137	158	157	145	220
Gene01317	29	22	18	21	30	21	26	17	25	21	22	16
Gene01318	62	95	107	195	185	193	260	362	285	101	58	138
Gene01319	45	26	47	37	83	55	78	38	88	55	110	88
Gene01320	97	188	135	181	403	232	598	128	140	301	271	414
Gene01321	27	31	27	24	10	11	21	14	21	33	28	20
Gene01322	164	181	242	185	191	151	153	86	144	249	138	195
Gene01323	26	42	23	26	28	28	19	22	24	30	43	23
Gene01324	34	28	32	48	42	34	36	30	27	53	48	24
Gene01325	24	20	22	13	19	17	14	13	22	26	9	17
Gene01326	36	12	77	28	28	34	32	15	44	35	22	37
Gene01327	60	43	42	45	86	47	61	59	96	46	60	51
Gene01328	133	146	176	58	98	83	65	52	72	97	89	93
Gene01329	15	20	12	31	30	23	24	18	27	36	19	24
Gene01330	41	18	28	16	18	25	20	19	18	18	28	29
Gene01331	37	24	34	38	70	34	54	47	67	82	82	81
Gene01332	139	203	153	478	454	481	635	595	620	165	136	287
Gene01333	12	9	4	19	25	14	37	23	59	14	9	8
Gene01334	31	21	62	37	43	36	103	73	61	72	59	73
Gene01335	24	29	20	20	20	28	55	28	33	68	68	65
Gene01336	9	14	16	15	24	18	23	21	25	17	48	46
Gene01337	63	46	22	9	45	24	10	8	32	95	51	37
Gene01338	29	21	63	20	21	23	47	10	55	44	34	27
Gene01339	144	209	190	84	132	220	68	103	118	98	152	112
Gene01340	13	26	17	26	31	40	61	56	57	17	20	19
Gene01341	40	45	24	13	26	46	15	14	17	39	32	43
Gene01342	59	39	42	28	30	30	63	21	33	21	25	29
Gene01343	81	64	52	64	96	53	86	78	123	105	26	109
Gene01344	68	69	83	55	56	91	121	65	98	84	56	70
Gene01345	44	62	61	71	37	74	102	62	53	57	37	99
Gene01346	258	233	182	136	82	121	84	46	48	67	70	69
Gene01347	55	77	87	58	66	50	65	61	51	44	44	62
Gene01348	30	42	44	84	68	72	144	142	89	221	169	198
Gene01349	43	55	17	39	84	64	162	69	58	157	88	43
Gene01350	20	28	34	36	24	16	41	43	36	85	38	69
Gene01351	116	137	424	81	94	98	90	90	95	29	87	86
Gene01352	110	87	151	198	107	148	236	105	137	73	106	89
Gene01353	48	45	37	47	58	41	46	27	63	41	42	34
Gene01354	743	502	737	274	439	366	242	176	289	211	187	172
Gene01355	64	93	75	71	148	34	119	110	64	98	127	34
Gene01356	77	66	50	22	69	48	43	17	23	12	15	12
Gene01357	189	86	103	100	111	157	134	16	178	41	15	44
Gene01358	41	47	46	40	43	78	53	69	65	80	57	124
Gene01359	10	11	30	27	14	19	16	11	11	14	19	20
Gene01360	11	5	13	18	20	22	37	29	23	48	42	58
Gene01361	310	347	408	181	222	329	141	115	191	80	126	122
Gene01362	85	67	65	34	37	36	36	21	49	34	24	17
Gene01363	35	46	29	38	61	32	49	42	40	37	34	37
Gene01364	21	28	43	15	25	30	36	24	32	25	37	26
Gene01365	99	331	508	87	290	217	146	50	85	29	99	31
Gene01366	21	35	23	35	36	48	32	54	37	48	33	40
Gene01367	9	7	14	17	32	29	35	13	20	31	52	43
Gene01368	16	14	11	12	23	16	19	15	25	14	6	21
Gene01369	18	16	13	41	49	35	74	80	146	42	39	23
Gene01370	66	55	59	112	134	116	133	163	253	192	197	337
Gene01371	31	22	11	54	16	20	40	13	25	24	19	37
Gene01372	9	9	14	20	17	7	18	11	12	20	8	1
Gene01373	229	116	241	93	138	157	120	91	72	89	43	40
Gene01374	76	61	88	68	62	122	102	83	112	55	69	91
Gene01375	278	246	305	215	266	134	116	111	131	127	107	81
Gene01376	143	99	57	36	60	70	98	50	74	41	124	60
Gene01377	21	18	20	33	45	60	63	48	52	73	71	106
Gene01378	111	83	115	67	78	77	23	29	41	115	56	40
Gene01379	71	66	63	43	118	85	74	38	71	65	43	55
Gene01380	270	305	252	245	197	170	133	70	128	114	68	116
Gene01381	74	58	44	31	60	38	50	24	27	24	18	21
Gene01382	16	15	36	33	23	17	40	20	57	34	25	22
Gene01383	60	57	36	39	35	42	41	43	46	77	38	49
Gene01384	273	271	332	233	222	141	135	84	163	199	188	216
Gene01385	16	12	17	26	7	17	6	35	28	9	20	26
Gene01386	9	14	13	16	9	9	12	10	16	10	7	17
Gene01387	42	19	21	48	47	32	65	47	95	70	70	69
Gene01388	22	20	31	25	21	27	9	20	20	18	11	9
Gene01389	187	71	117	88	157	139	187	59	150	61	60	165
Gene01390	26	42	58	35	30	41	25	38	16	67	82	53
Gene01391	23	16	32	4	37	23	24	25	29	14	15	24
Gene01392	26	20	44	14	20	20	24	20	18	48	15	50
Gene01393	29	75	17	39	76	43	91	39	24	12	33	32
Gene01394	50	18	24	46	46	46	28	23	40	42	36	33
Gene01395	88	97	94	66	64	118	53	74	103	40	43	141
Gene01396	74	48	58	41	64	37	53	36	61	46	42	52
Gene01397	107	200	114	128	152	151	128	131	283	137	148	103
Gene01398	651	192	408	440	306	78	175	200	295	119	159	117
Gene01399	66	69	85	119	112	143	228	209	255	85	93	65
Gene01400	116	84	165	89	155	88	73	93	84	75	40	96
Gene01401	85	85	79	99	110	117	155	146	195	200	147	218
Gene01402	62	78	71	68	53	42	71	23	45	44	14	31
Gene01403	46	45	30	42	65	35	61	24	28	29	27	53
Gene01404	67	16	74	56	68	36	48	78	52	66	94	123
Gene01405	66	92	56	45	56	56	74	45	61	51	69	84
Gene01406	62	94	54	144	229	270	632	264	510	88	80	163
Gene01407	8	16	4	15	9	9	4	9	28	14	6	9
Gene01408	32	24	47	107	116	61	176	120	88	213	220	185
Gene01409	52	38	47	110	138	130	162	93	140	36	39	48
Gene01410	44	18	18	15	28	40	32	43	41	33	19	17
Gene01411	22	14	16	26	44	35	89	32	34	104	64	69
Gene01412	59	45	49	50	37	74	91	37	53	76	65	73
Gene01413	234	238	162	101	146	123	112	63	72	139	112	192
Gene01414	47	53	40	35	32	32	30	18	34	15	10	24
Gene01415	18	19	27	33	19	32	81	22	41	65	69	82
Gene01416	126	52	73	63	127	72	81	56	88	60	75	96
Gene01417	10	6	5	10	12	8	10	4	12	12	8	9
Gene01418	65	51	62	62	89	90	106	115	106	153	114	143
Gene01419	72	31	73	52	53	60	52	29	51	37	68	101
Gene01420	26	35	20	65	64	88	130	85	79	35	33	28
Gene01421	185	343	110	327	280	476	746	166	310	678	411	675
Gene01422	4	18	17	14	15	30	31	36	22	73	53	57
Gene01423	222	114	162	180	276	178	349	287	313	372	404	479
Gene01424	183	145	175	233	358	196	435	327	339	371	609	597
Gene01425	8	3	7	5	13	6	7	2	8	5	6	3
Gene01426	84	124	76	54	75	75	53	54	33	45	29	49
Gene01427	74	50	42	43	55	51	70	58	109	46	35	80
Gene01428	53	39	61	45	48	88	47	40	53	77	43	66
Gene01429	32	14	25	25	37	13	17	14	30	30	21	25
Gene01430	57	121	164	92	61	26	96	71	102	45	30	22
Gene01431	19	11	29	24	26	21	26	25	43	35	33	27
Gene01432	55	66	56	175	284	199	290	220	194	85	115	45
Gene01433	12	11	12	14	20	14	18	17	15	18	15	16
Gene01434	13	31	14	16	40	36	45	22	33	32	15	26
Gene01435	13	10	12	13	15	10	23	6	25	10	16	11
Gene01436	88	142	126	69	91	54	89	49	47	27	24	39
Gene01437	27	36	28	31	40	30	40	25	48	18	29	16
Gene01438	239	92	65	133	168	55	83	65	75	54	21	94
Gene01439	7	15	30	14	20	11	17	26	15	26	59	44
Gene01440	28	32	30	15	19	12	17	15	28	38	59	50
Gene01441	16	12	17	22	21	25	62	58	15	42	44	54
Gene01442	16	23	17	61	23	36	35	55	75	21	21	4
Gene01443	46	50	60	28	66	35	34	37	62	59	47	32
Gene01444	320	327	605	395	295	411	415	337	551	177	199	291
Gene01445	113	62	102	62	213	81	247	137	339	514	294	417
Gene01446	17	14	12	11	20	20	48	31	30	46	59	53
Gene01447	569	526	766	510	523	387	283	163	397	326	189	249
Gene01448	36	30	19	48	86	44	135	122	111	24	32	27
Gene01449	25	22	32	20	45	30	46	16	39	30	22	22
Gene01450	181	144	204	92	148	117	84	45	89	218	190	118
Gene01451	40	45	91	66	97	53	109	101	91	157	208	149
Gene01452	19	11	19	13	26	19	37	12	25	28	46	47
Gene01453	43	49	29	21	42	30	31	10	7	7	10	16
Gene01454	38	46	30	16	18	16	11	10	17	28	19	22
Gene01455	39	18	17	28	75	49	97	67	134	34	12	34
Gene01456	87	89	82	48	48	37	30	22	30	81	62	96
Gene01457	13	3	12	19	14	14	12	8	10	8	8	16
Gene01458	47	58	24	99	67	102	219	146	237	47	54	47
Gene01459	62	33	90	173	212	111	106	256	408	73	53	73
Gene01460	64	83	99	45	68	38	37	30	16	5	16	29
Gene01461	62	71	76	74	42	105	187	131	232	287	223	225
Gene01462	27	34	50	56	87	80	69	79	59	166	104	97
Gene01463	10	5	6	4	9	13	16	11	14	21	10	11
Gene01464	37	80	52	67	69	61	123	70	153	197	149	148
Gene01465	15	18	23	44	62	56	115	54	61	16	24	27
Gene01466	8	14	9	14	10	18	9	15	11	16	13	12
Gene01467	17	15	69	38	45	23	60	52	56	45	40	46
Gene01468	60	33	55	30	25	43	37	26	18	22	27	19
Gene01469	22	40	25	31	31	28	40	44	23	33	39	52
Gene01470	46	40	28	33	52	30	63	67	54	82	80	62
Gene01471	8	9	9	8	3	10	18	10	21	10	14	10
Gene01472	6	48	14	14	42	33	34	7	68	14	16	35
Gene01473	12	22	32	12	18	32	25	14	25	11	36	33
Gene01474	44	30	31	32	34	33	43	38	47	55	32	38
Gene01475	24	14	15	59	79	68	93	100	110	33	21	12
Gene01476	18	11	19	20	19	21	11	12	8	15	28	16
Gene01477	27	11	11	28	21	22	27	20	41	42	52	39
Gene01478	28	26	38	100	94	129	123	94	132	61	37	21
Gene01479	121	133	123	183	222	318	399	327	388	167	112	154
Gene01480	53	62	57	66	49	64	102	75	32	130	44	95
Gene01481	36	26	51	57	41	49	37	51	52	47	23	31
Gene01482	8	2	9	13	7	4	24	12	24	13	35	18
Gene01483	91	46	166	92	69	113	59	49	23	85	85	194
Gene01484	27	33	35	78	59	86	91	85	92	17	36	23
Gene01485	11	14	8	25	33	49	42	32	64	15	13	21
Gene01486	53	27	31	34	54	29	76	22	76	57	70	86
Gene01487	54	39	59	62	65	74	137	56	99	175	105	130
Gene01488	48	39	44	116	94	164	223	183	208	64	66	65
Gene01489	66	99	115	72	89	96	134	118	159	159	218	198
Gene01490	140	93	77	34	39	32	32	28	51	32	20	39
Gene01491	55	87	89	68	104	73	137	61	103	93	72	63
Gene01492	25	30	29	42	21	13	19	38	34	35	27	20
Gene01493	43	9	28	24	18	23	32	31	52	22	30	27
Gene01494	43	43	46	64	46	36	65	51	72	49	51	32
Gene01495	61	38	48	37	90	58	131	62	125	103	126	139
Gene01496	256	237	319	135	146	180	100	105	98	64	77	72
Gene01497	7	16	15	29	23	12	18	19	39	24	14	17
Gene01498	123	131	217	187	167	151	93	39	62	54	82	33
Gene01499	45	22	34	13	24	26	15	11	25	6	4	5
Gene01500	60	41	16	70	35	86	131	59	35	299	82	48

